Fecha;Código de Producto;Categoría;Cantidad;Precio Unitario;venta_total;Año;Mes;Dia ;Dia_Semana ;Trimestre;Mes_Seno (CRÍTICA PARA ML);Mes_Coseno (CRÍTICA PARA ML);Dia_Semana_Seno;Dia_Semana_Coseno;Rango_Precio;Es_Fin_Semana;Es_Inicio_Mes;Es_Fin_Mes;Frecuencia_Producto;
6/01/2024;NISSAN AD;FARO POSTERIOR;2;59;118;2024;1;6;6;1;0.5;0.866025404;-0.781831482;0.623489802;MEDIO;1;0;0;40;
6/01/2024;NISSAN AD;FOCOS;1;7.63;7.63;2024;1;6;6;1;0.5;0.866025404;-0.781831482;0.623489802;ECONOMICO;1;0;0;40;
7/01/2024;YARIS 2014;PARACHOQUE DELANTERO;1;186;186;2024;1;7;0;1;0.5;0.866025404;0;1;ALTO;1;0;0;3;
7/01/2024;YARIS 2014;KIT DE NEBLINERO;1;118;118;2024;1;7;0;1;0.5;0.866025404;0;1;MEDIO;1;0;0;3;
7/01/2024;YARIS 2014;BRACKETS;1;38.14;38.14;2024;1;7;0;1;0.5;0.866025404;0;1;ECONOMICO;1;0;0;3;
8/01/2024;NISSAN SENTRA;FAROS DELANTEROS;1;182;182;2024;1;8;1;1;0.5;0.866025404;0.781831482;0.623489802;ALTO;0;0;0;41;
8/01/2024;NISSAN AD;SOPORTE PREPARADO;2;29;58;2024;1;8;1;1;0.5;0.866025404;0.781831482;0.623489802;ECONOMICO;0;0;0;40;
11/01/2024;HYUNDAI PORTER;FARO POSTERIOR;2;55;110;2024;1;11;4;1;0.5;0.866025404;-0.433883739;-0.900968868;MEDIO;0;0;0;4;
11/01/2024;HYUNDAI PORTER;FARO LED;2;50.85;101.7;2024;1;11;4;1;0.5;0.866025404;-0.433883739;-0.900968868;MEDIO;0;0;0;4;
11/01/2024;HYUNDAI PORTER;FARO LED ALTERAL;8;6.36;50.88;2024;1;11;4;1;0.5;0.866025404;-0.433883739;-0.900968868;ECONOMICO;0;0;0;4;
11/01/2024;HYUNDAI PORTER;FARO CUADRDOS LED;1;118;118;2024;1;11;4;1;0.5;0.866025404;-0.433883739;-0.900968868;MEDIO;0;0;0;4;
12/01/2024;HYUNDAI 2010;MASCARA DELANTERA;1;169;169;2024;1;12;5;1;0.5;0.866025404;-0.974927912;-0.222520934;ALTO;0;0;0;1;
12/01/2024;NISSAN FRONTIER;FARO DELANTERO;2;118;236;2024;1;12;5;1;0.5;0.866025404;-0.974927912;-0.222520934;MEDIO;0;0;0;19;
12/01/2024;NISSAN FRONTIER;PARACHOQUE DELANTERO;1;161;161;2024;1;12;5;1;0.5;0.866025404;-0.974927912;-0.222520934;ALTO;0;0;0;19;
12/01/2024;NISSAN FRONTIER;MASCARA DELANTERA;1;93.22;93.22;2024;1;12;5;1;0.5;0.866025404;-0.974927912;-0.222520934;MEDIO;0;0;0;19;
12/01/2024;NISSAN FRONTIER;FARO POSTERIORE;2;63.56;127.12;2024;1;12;5;1;0.5;0.866025404;-0.974927912;-0.222520934;MEDIO;0;0;0;19;
12/01/2024;NISSAN FRONTIER;MANDILES;2;50.83;101.66;2024;1;12;5;1;0.5;0.866025404;-0.974927912;-0.222520934;MEDIO;0;0;0;19;
12/01/2024;NISSAN FRONTIER;MANDILES;1;55.03;55.03;2024;1;12;5;1;0.5;0.866025404;-0.974927912;-0.222520934;MEDIO;0;0;0;19;
12/01/2024;NISSAN FRONTIER;FOCO NARVA;1;42.37;42.37;2024;1;12;5;1;0.5;0.866025404;-0.974927912;-0.222520934;ECONOMICO;0;0;0;19;
12/01/2024;NISSAN FRONTIER;FOSCOS LED POSTERIOR;1;33.05;33.05;2024;1;12;5;1;0.5;0.866025404;-0.974927912;-0.222520934;ECONOMICO;0;0;0;19;
15/01/2024;NO DETALLA;SOPORTE SEGÚN LA MUESTRA;2;38.14;76.28;2024;1;15;1;1;0.5;0.866025404;0.781831482;0.623489802;ECONOMICO;0;0;0;17;
15/01/2024;NO DETALLA;SOPORTES PEQUEÑOS;4;29.66;118.64;2024;1;15;1;1;0.5;0.866025404;0.781831482;0.623489802;ECONOMICO;0;0;0;17;
15/01/2024;NO DETALLA;TAPA DE GASOLINA;1;16.95;16.95;2024;1;15;1;1;0.5;0.866025404;0.781831482;0.623489802;ECONOMICO;0;0;0;17;
18/01/2024;TOYOTA COROLLA;CAPOT;1;254.24;254.24;2024;1;18;4;1;0.5;0.866025404;-0.433883739;-0.900968868;ALTO;0;0;0;66;
18/01/2024;TOYOTA COROLLA;FARO DELANTERO;2;84.75;169.5;2024;1;18;4;1;0.5;0.866025404;-0.433883739;-0.900968868;MEDIO;0;0;0;66;
18/01/2024;TOYOTA COROLLA;DIRECCIONALES;2;29.66;59.32;2024;1;18;4;1;0.5;0.866025404;-0.433883739;-0.900968868;ECONOMICO;0;0;0;66;
18/01/2024;TOYOTA COROLLA;DIRECCIONAL DE PARACHOQUE;2;23.31;46.62;2024;1;18;4;1;0.5;0.866025404;-0.433883739;-0.900968868;ECONOMICO;0;0;0;66;
18/01/2024;TOYOTA COROLLA;MASCARA DELANTERA;1;21.19;21.19;2024;1;18;4;1;0.5;0.866025404;-0.433883739;-0.900968868;ECONOMICO;0;0;0;66;
18/01/2024;TOYOTA HILUX;FARO DELANTERO;1;203.39;203.39;2024;1;18;4;1;0.5;0.866025404;-0.433883739;-0.900968868;ALTO;0;0;0;78;
18/01/2024;TOYOTA HILUX;FARO POSTERIOR;2;59.32;118.64;2024;1;18;4;1;0.5;0.866025404;-0.433883739;-0.900968868;MEDIO;0;0;0;78;
18/01/2024;TOYOTA HILUX;PARACHOUQE DELANTERO;1;127.12;127.12;2024;1;18;4;1;0.5;0.866025404;-0.433883739;-0.900968868;MEDIO;0;0;0;78;
18/01/2024;TOYOTA HILUX;MASCARA DELANTERA;1;127.12;127.12;2024;1;18;4;1;0.5;0.866025404;-0.433883739;-0.900968868;MEDIO;0;0;0;78;
18/01/2024;TOYOTA HILUX;ESPEJOS;2;105.93;211.86;2024;1;18;4;1;0.5;0.866025404;-0.433883739;-0.900968868;MEDIO;0;0;0;78;
18/01/2024;TOYOTA HILUX;PARACHOQUE POSTERIOR;1;237;237;2024;1;18;4;1;0.5;0.866025404;-0.433883739;-0.900968868;ALTO;0;0;0;78;
18/01/2024;TOYOTA HILUX;MANDIL DE GUARDAFANGO;3;29.66;88.98;2024;1;18;4;1;0.5;0.866025404;-0.433883739;-0.900968868;ECONOMICO;0;0;0;78;
19/01/2024;NISSAN REVO;FARO POSTERIOR;1;169.49;169.49;2024;1;19;5;1;0.5;0.866025404;-0.974927912;-0.222520934;ALTO;0;0;0;3;
24/01/2024;NO DETALLA;FARO LATERAL;4;16.95;67.8;2024;1;24;3;1;0.5;0.866025404;0.433883739;-0.900968868;ECONOMICO;0;0;0;17;
26/01/2024;NISSAN AD;FARO POSTERIOR;2;14.84;29.68;2024;1;26;5;1;0.5;0.866025404;-0.974927912;-0.222520934;ECONOMICO;0;0;1;40;
26/01/2024;NISSAN AD;VICEL DE FARO;1;18.64;18.64;2024;1;26;5;1;0.5;0.866025404;-0.974927912;-0.222520934;ECONOMICO;0;0;1;40;
26/01/2024;NISSAN AD;PLUMILLA;1;9.32;9.32;2024;1;26;5;1;0.5;0.866025404;-0.974927912;-0.222520934;ECONOMICO;0;0;1;40;
26/01/2024;KIA RIO;BRACKETS;2;25.42;50.84;2024;1;26;5;1;0.5;0.866025404;-0.974927912;-0.222520934;ECONOMICO;0;0;1;57;
28/01/2024;NO DETALLA;CLAXON DE AIRE;1;42.37;42.37;2024;1;28;0;1;0.5;0.866025404;0;1;ECONOMICO;1;0;1;17;
2/02/2024;HONDA;PARACHOQUE DELANTERO;1;169;169;2024;2;2;5;1;0.866025404;0.5;-0.974927912;-0.222520934;ALTO;0;1;0;2;
2/02/2024;HONDA;PARACHOQUE POSTERIOR;1;152;152;2024;2;2;5;1;0.866025404;0.5;-0.974927912;-0.222520934;ALTO;0;1;0;2;
2/02/2024;TOYOTA HILUX;FARO POSTERIOR;1;50;50;2024;2;2;5;1;0.866025404;0.5;-0.974927912;-0.222520934;ECONOMICO;0;1;0;78;
2/02/2024;CHEVROLET N300;FARO POSTERIOR;1;80.51;80.51;2024;2;2;5;1;0.866025404;0.5;-0.974927912;-0.222520934;MEDIO;0;1;0;4;
2/02/2024;CHEVROLET N300;FARO LATERAL;1;15.28;15.28;2024;2;2;5;1;0.866025404;0.5;-0.974927912;-0.222520934;ECONOMICO;0;1;0;4;
2/02/2024;KIA PICANTO;PARACHOQUE DELANTERO;1;203.39;203.39;2024;2;2;5;1;0.866025404;0.5;-0.974927912;-0.222520934;ALTO;0;1;0;8;
2/02/2024;KIA PICANTO;MANDIL DE GUARDAFANGO;2;50.85;101.7;2024;2;2;5;1;0.866025404;0.5;-0.974927912;-0.222520934;MEDIO;0;1;0;8;
2/02/2024;TOYOTA COROLLA;BOCINA DE COLLA;2;46.61;93.22;2024;2;2;5;1;0.866025404;0.5;-0.974927912;-0.222520934;ECONOMICO;0;1;0;66;
5/02/2024;NO DETALLA;ACCESORIOS;1;76.26;76.26;2024;2;5;1;1;0.866025404;0.5;0.781831482;0.623489802;MEDIO;0;1;0;17;
6/02/2024;NISSAN REVO;FARO POSTERIOR;1;228.81;228.81;2024;2;6;2;1;0.866025404;0.5;0.974927912;-0.222520934;ALTO;0;0;0;3;
6/02/2024;NISSAN REVO;FARO POSTERIOR;1;228.81;228.81;2024;2;6;2;1;0.866025404;0.5;0.974927912;-0.222520934;ALTO;0;0;0;3;
7/02/2024;TOYOTA HILUX;FAROS POSTERIOR;1;101.69;101.69;2024;2;7;3;1;0.866025404;0.5;0.433883739;-0.900968868;MEDIO;0;0;0;78;
7/02/2024;TOYOTA HILUX;KIT DE NEBLINEROS;1;118.64;118.64;2024;2;7;3;1;0.866025404;0.5;0.433883739;-0.900968868;MEDIO;0;0;0;78;
7/02/2024;TOYOTA HILUX;MANDIL DE LLANTA;1;80.5;80.5;2024;2;7;3;1;0.866025404;0.5;0.433883739;-0.900968868;MEDIO;0;0;0;78;
7/02/2024;TOYOTA COROLLA;DIRECCIONAL DE PARACHOQUE;1;50.85;50.85;2024;2;7;3;1;0.866025404;0.5;0.433883739;-0.900968868;MEDIO;0;0;0;66;
8/02/2024;NISSAN SENTRA;PARACHOQUE DELANTERO;1;67.8;67.8;2024;2;8;4;1;0.866025404;0.5;-0.433883739;-0.900968868;MEDIO;0;0;0;41;
8/02/2024;NISSAN SENTRA;FARO POSTERIOR;1;50.85;50.85;2024;2;8;4;1;0.866025404;0.5;-0.433883739;-0.900968868;MEDIO;0;0;0;41;
15/02/2024;NO DETALLA;SOPORTE VULCANIZADO;1;110;110;2024;2;15;4;1;0.866025404;0.5;-0.433883739;-0.900968868;MEDIO;0;0;0;17;
15/02/2024;HYUNDAI ACCENT;PARACHOQUE;1;93.22;93.22;2024;2;15;4;1;0.866025404;0.5;-0.433883739;-0.900968868;MEDIO;0;0;0;36;
15/02/2024;HYUNDAI ACCENT;PORTAFILTRO;1;110.17;110.17;2024;2;15;4;1;0.866025404;0.5;-0.433883739;-0.900968868;MEDIO;0;0;0;36;
15/02/2024;FOCO;H4;10;7.2;72;2024;2;15;4;1;0.866025404;0.5;-0.433883739;-0.900968868;ECONOMICO;0;0;0;6;
15/02/2024;FOCO;2C;10;0.68;6.8;2024;2;15;4;1;0.866025404;0.5;-0.433883739;-0.900968868;ECONOMICO;0;0;0;6;
15/02/2024;FOCO;LAGRIMA;10;0.68;6.8;2024;2;15;4;1;0.866025404;0.5;-0.433883739;-0.900968868;ECONOMICO;0;0;0;6;
15/02/2024;FOCO;1C AMBAR;10;1.27;12.7;2024;2;15;4;1;0.866025404;0.5;-0.433883739;-0.900968868;ECONOMICO;0;0;0;6;
15/02/2024;HYUNDAI ACCENT;PARACHOQUE DELANTERO;1;93.22;93.22;2024;2;15;4;1;0.866025404;0.5;-0.433883739;-0.900968868;MEDIO;0;0;0;36;
15/02/2024;HYUNDAI ACCENT;PARACHOQUE POSTERIOR;1;118.64;118.64;2024;2;15;4;1;0.866025404;0.5;-0.433883739;-0.900968868;MEDIO;0;0;0;36;
15/02/2024;HYUNDAI ACCENT;MANDIL;1;29.66;29.66;2024;2;15;4;1;0.866025404;0.5;-0.433883739;-0.900968868;ECONOMICO;0;0;0;36;
15/02/2024;TOYOTA COROLLA;FARO POSTERIOR;1;25.42;25.42;2024;2;15;4;1;0.866025404;0.5;-0.433883739;-0.900968868;ECONOMICO;0;0;0;66;
20/02/2024;FOCO;LAGRIMA NARVA;1;8.47;8.47;2024;2;20;2;1;0.866025404;0.5;0.974927912;-0.222520934;ECONOMICO;0;0;0;6;
23/02/2024;COMBI 5L;FARO DELANTERO;1;466.1;466.1;2024;2;23;5;1;0.866025404;0.5;-0.974927912;-0.222520934;ALTO;0;0;0;4;
27/02/2024;NISSAN V16;PARACHOQUE DELANTERO;1;67.8;67.8;2024;2;27;2;1;0.866025404;0.5;0.974927912;-0.222520934;MEDIO;0;0;1;10;
27/02/2024;NISSAN V16;FAROS POSTERIORE;2;46.61;93.22;2024;2;27;2;1;0.866025404;0.5;0.974927912;-0.222520934;ECONOMICO;0;0;1;10;
27/02/2024;NISSAN V16;MASCARA DELANTERA;1;42.37;42.37;2024;2;27;2;1;0.866025404;0.5;0.974927912;-0.222520934;ECONOMICO;0;0;1;10;
27/02/2024;NISSAN V16;DIRECCIONALES;1;38;38;2024;2;27;2;1;0.866025404;0.5;0.974927912;-0.222520934;ECONOMICO;0;0;1;10;
27/02/2024;KIA SOLUTO;PARACHOQUE DELANTERO;1;169;169;2024;2;27;2;1;0.866025404;0.5;0.974927912;-0.222520934;ALTO;0;0;1;10;
27/02/2024;TOYOTA AVANZA;FARO POSTERIOR;1;269.71;269.71;2024;2;27;2;1;0.866025404;0.5;0.974927912;-0.222520934;ALTO;0;0;1;1;
28/02/2024;HYUNDAI SONATA;FARO DELANTERO;2;127;254;2024;2;28;3;1;0.866025404;0.5;0.433883739;-0.900968868;MEDIO;0;0;1;1;
28/02/2024;KIA RIO 2016;MANDILES;2;29.66;59.32;2024;2;28;3;1;0.866025404;0.5;0.433883739;-0.900968868;ECONOMICO;0;0;1;1;
28/02/2024;NISSAN V16;FAROS DELANTEROS;2;118.64;237.28;2024;2;28;3;1;0.866025404;0.5;0.433883739;-0.900968868;MEDIO;0;0;1;10;
28/02/2024;NISSAN FRONTIER;CAPOT;1;347.46;347.46;2024;2;28;3;1;0.866025404;0.5;0.433883739;-0.900968868;ALTO;0;0;1;19;
28/02/2024;NISSAN FRONTIER;RADIADOR;1;211;211;2024;2;28;3;1;0.866025404;0.5;0.433883739;-0.900968868;ALTO;0;0;1;19;
28/02/2024;NISSAN FRONTIER;FARO DELANTERO;2;93.22;186.44;2024;2;28;3;1;0.866025404;0.5;0.433883739;-0.900968868;MEDIO;0;0;1;19;
28/02/2024;NISSAN FRONTIER;MASCARA DELANTERA;1;84.75;84.75;2024;2;28;3;1;0.866025404;0.5;0.433883739;-0.900968868;MEDIO;0;0;1;19;
28/02/2024;NISSAN FRONTIER;PARACHOQUE DELANTERO;1;135.59;135.59;2024;2;28;3;1;0.866025404;0.5;0.433883739;-0.900968868;MEDIO;0;0;1;19;
28/02/2024;TOYOTA COROLLA;ACCESORIOS;1;462.61;462.61;2024;2;28;3;1;0.866025404;0.5;0.433883739;-0.900968868;ALTO;0;0;1;66;
5/03/2024;SUZUKI ERTIGA;FARO DELANTERO;1;697.97;697.97;2024;3;5;2;1;1;6.12574E-17;0.974927912;-0.222520934;PREMIUM;0;1;0;2;
5/03/2024;SUZUKI ERTIGA;BRAKET;1;59.32;59.32;2024;3;5;2;1;1;6.12574E-17;0.974927912;-0.222520934;MEDIO;0;1;0;2;
6/03/2024;FOCO;H4 LED;1;118.64;118.64;2024;3;6;3;1;1;6.12574E-17;0.433883739;-0.900968868;MEDIO;0;0;0;6;
7/03/2024;NISSAN V16;FARO DELANTERO;2;59.32;118.64;2024;3;7;4;1;1;6.12574E-17;-0.433883739;-0.900968868;MEDIO;0;0;0;10;
7/03/2024;NISSAN V16;PARACHOQUES;2;67.8;135.6;2024;3;7;4;1;1;6.12574E-17;-0.433883739;-0.900968868;MEDIO;0;0;0;10;
7/03/2024;NISSAN V16;CAPOT;1;237.27;237.27;2024;3;7;4;1;1;6.12574E-17;-0.433883739;-0.900968868;ALTO;0;0;0;10;
7/03/2024;NISSAN V16;DIRECCIONAL;1;38.14;38.14;2024;3;7;4;1;1;6.12574E-17;-0.433883739;-0.900968868;ECONOMICO;0;0;0;10;
7/03/2024;NISSAN V16;FARO POSTERIOR;1;46.61;46.61;2024;3;7;4;1;1;6.12574E-17;-0.433883739;-0.900968868;ECONOMICO;0;0;0;10;
8/03/2024;HYUNDAI TUCSON;MANDIL DE GUARDAFANGO;2;101.69;203.38;2024;3;8;5;1;1;6.12574E-17;-0.974927912;-0.222520934;MEDIO;0;0;0;1;
8/03/2024;GP;GRAMPAS DE MANDIL 36;1;7.63;7.63;2024;3;8;5;1;1;6.12574E-17;-0.974927912;-0.222520934;ECONOMICO;0;0;0;1;
8/03/2024;FOCOS;NARVA;1;15.25;15.25;2024;3;8;5;1;1;6.12574E-17;-0.974927912;-0.222520934;ECONOMICO;0;0;0;1;
8/03/2024;HYUNDAI H1;FARO DELANTERO;2;161.02;322.04;2024;3;8;5;1;1;6.12574E-17;-0.974927912;-0.222520934;ALTO;0;0;0;12;
8/03/2024;HYUNDAI H1;FARO POSTERIOR;1;101.69;101.69;2024;3;8;5;1;1;6.12574E-17;-0.974927912;-0.222520934;MEDIO;0;0;0;12;
8/03/2024;KIA RIO;PARACHOQUE DELANTERO;1;144.07;144.07;2024;3;8;5;1;1;6.12574E-17;-0.974927912;-0.222520934;MEDIO;0;0;0;57;
8/03/2024;KIA RIO;FAROS DELANTEROS;2;101.69;203.38;2024;3;8;5;1;1;6.12574E-17;-0.974927912;-0.222520934;MEDIO;0;0;0;57;
8/03/2024;KIA RIO;MÁSCARA;1;67.8;67.8;2024;3;8;5;1;1;6.12574E-17;-0.974927912;-0.222520934;MEDIO;0;0;0;57;
8/03/2024;MITSHUBISI L200;KIT NEBLINERO;1;144.07;144.07;2024;3;8;5;1;1;6.12574E-17;-0.974927912;-0.222520934;MEDIO;0;0;0;11;
8/03/2024;TOYOTA ALTIS;FARO POSTERIOR;1;127.12;127.12;2024;3;8;5;1;1;6.12574E-17;-0.974927912;-0.222520934;MEDIO;0;0;0;1;
8/03/2024;SUZUKI APV;BRACKET;1;21.19;21.19;2024;3;8;5;1;1;6.12574E-17;-0.974927912;-0.222520934;ECONOMICO;0;0;0;3;
9/03/2024;TOYOTA YARIS;FARO;1;296.61;296.61;2024;3;9;6;1;1;6.12574E-17;-0.781831482;0.623489802;ALTO;1;0;0;36;
11/03/2024;TOYOTA YARIS;PARACHOQUE DELANTERO;1;127.12;127.12;2024;3;11;1;1;1;6.12574E-17;0.781831482;0.623489802;MEDIO;0;0;0;36;
11/03/2024;H75;FARO DELANTERO;2;194.92;389.84;2024;3;11;1;1;1;6.12574E-17;0.781831482;0.623489802;ALTO;0;0;0;2;
11/03/2024;H75;FARO POSTERIOR;2;55.8;111.6;2024;3;11;1;1;1;6.12574E-17;0.781831482;0.623489802;MEDIO;0;0;0;2;
11/03/2024;HD;FOCO DE FARO POSTERIOR;6;2.54;15.24;2024;3;11;1;1;1;6.12574E-17;0.781831482;0.623489802;ECONOMICO;0;0;0;1;
11/03/2024;NISSAN TIDA;FARO DELANTERO;1;254.24;254.24;2024;3;11;1;1;1;6.12574E-17;0.781831482;0.623489802;ALTO;0;0;0;14;
11/03/2024;NISSAN TIDA;PARACHOQUE DELANTERO;1;169.49;169.49;2024;3;11;1;1;1;6.12574E-17;0.781831482;0.623489802;ALTO;0;0;0;14;
11/03/2024;NISSAN TIDA;MASCARA DELANTERA;1;152.54;152.54;2024;3;11;1;1;1;6.12574E-17;0.781831482;0.623489802;ALTO;0;0;0;14;
11/03/2024;NISSAN TIDA;MANDIL;1;33.9;33.9;2024;3;11;1;1;1;6.12574E-17;0.781831482;0.623489802;ECONOMICO;0;0;0;14;
11/03/2024;NISSAN TIDA;TAPA DE NEBLINERO;1;33.9;33.9;2024;3;11;1;1;1;6.12574E-17;0.781831482;0.623489802;ECONOMICO;0;0;0;14;
11/03/2024;NISSAN TIDA;GRAMPAS DE PARACHOQUE;1;14.41;14.41;2024;3;11;1;1;1;6.12574E-17;0.781831482;0.623489802;ECONOMICO;0;0;0;14;
13/03/2024;H4;FOCO HD LED;1;152.54;152.54;2024;3;13;3;1;1;6.12574E-17;0.433883739;-0.900968868;ALTO;0;0;0;1;
13/03/2024;HYUNDAI I10;PARACHOQUE FRONTAL;1;169.49;169.49;2024;3;13;3;1;1;6.12574E-17;0.433883739;-0.900968868;ALTO;0;0;0;1;
13/03/2024;CHEVROLET N400;PARACHOQUE DELANTERO;1;152.54;152.54;2024;3;13;3;1;1;6.12574E-17;0.433883739;-0.900968868;ALTO;0;0;0;1;
15/03/2024;HYUNDAI I20;MANDIL;1;84.75;84.75;2024;3;15;5;1;1;6.12574E-17;-0.974927912;-0.222520934;MEDIO;0;0;0;1;
16/03/2024;FD;FARO NEBLINERO;2;58;116;2024;3;16;6;1;1;6.12574E-17;-0.781831482;0.623489802;MEDIO;1;0;0;9;
16/03/2024;SONATA;SONATA FARO DELANTERO;1;135.59;135.59;2024;3;16;6;1;1;6.12574E-17;-0.781831482;0.623489802;MEDIO;1;0;0;2;
16/03/2024;SONATA;PARACHOQUE DELANTERO;1;127.12;127.12;2024;3;16;6;1;1;6.12574E-17;-0.781831482;0.623489802;MEDIO;1;0;0;2;
19/03/2024;TOYOTA COROLLA;FARO DELANTERO;2;127.12;254.24;2024;3;19;2;1;1;6.12574E-17;0.974927912;-0.222520934;MEDIO;0;0;0;66;
19/03/2024;TOYOTA COROLLA;FARO POSTERIORE;2;63.56;127.12;2024;3;19;2;1;1;6.12574E-17;0.974927912;-0.222520934;MEDIO;0;0;0;66;
19/03/2024;TOYOTA COROLLA;FARO DE MALETERA;2;33.9;67.8;2024;3;19;2;1;1;6.12574E-17;0.974927912;-0.222520934;ECONOMICO;0;0;0;66;
19/03/2024;TOYOTA COROLLA;FOCOS LAGRIMA;2;8.47;16.94;2024;3;19;2;1;1;6.12574E-17;0.974927912;-0.222520934;ECONOMICO;0;0;0;66;
19/03/2024;TOYOTA COROLLA;FOCOS LAGRIMA;2;2.54;5.08;2024;3;19;2;1;1;6.12574E-17;0.974927912;-0.222520934;ECONOMICO;0;0;0;66;
19/03/2024;TOYOTA COROLLA;FOCOS 9005;2;21.19;42.38;2024;3;19;2;1;1;6.12574E-17;0.974927912;-0.222520934;ECONOMICO;0;0;0;66;
19/03/2024;TOYOTA COROLLA;FOCO DIRECCIONAL;1;5.8;5.8;2024;3;19;2;1;1;6.12574E-17;0.974927912;-0.222520934;ECONOMICO;0;0;0;66;
19/03/2024;TOYOTA COROLLA;BRACKETS;2;21.19;42.38;2024;3;19;2;1;1;6.12574E-17;0.974927912;-0.222520934;ECONOMICO;0;0;0;66;
19/03/2024;TOYOTA COROLLA;BRACKETS;1;25.42;25.42;2024;3;19;2;1;1;6.12574E-17;0.974927912;-0.222520934;ECONOMICO;0;0;0;66;
22/03/2024;TOYOTA HILUX;PARACHOQUE DELANTERO;1;135;135;2024;3;22;5;1;1;6.12574E-17;-0.974927912;-0.222520934;MEDIO;0;0;0;78;
22/03/2024;TOYOTA HILUX;MANDILES;2;33.9;67.8;2024;3;22;5;1;1;6.12574E-17;-0.974927912;-0.222520934;ECONOMICO;0;0;0;78;
22/03/2024;TOYOTA HILUX;FENDER;1;42.37;42.37;2024;3;22;5;1;1;6.12574E-17;-0.974927912;-0.222520934;ECONOMICO;0;0;0;78;
22/03/2024;KIA RIO;PARACHOQUE DELANTERO;1;186.44;186.44;2024;3;22;5;1;1;6.12574E-17;-0.974927912;-0.222520934;ALTO;0;0;0;57;
22/03/2024;KIA RIO;GUARDAFANGO;1;135;135;2024;3;22;5;1;1;6.12574E-17;-0.974927912;-0.222520934;MEDIO;0;0;0;57;
23/03/2024;K2700;FARO DELANTERO;1;135;135;2024;3;23;6;1;1;6.12574E-17;-0.781831482;0.623489802;MEDIO;1;0;0;4;
25/03/2024;CX;CLAXON CORNETA;1;84.75;84.75;2024;3;25;1;1;1;6.12574E-17;0.781831482;0.623489802;MEDIO;0;0;1;1;
26/03/2024;CHEVROLET N300;RADIADOR;1;161.2;161.2;2024;3;26;2;1;1;6.12574E-17;0.974927912;-0.222520934;ALTO;0;0;1;4;
26/03/2024;NISSAN TIDA;ACCESORIOS;1;1067.8;1067.8;2024;3;26;2;1;1;6.12574E-17;0.974927912;-0.222520934;PREMIUM;0;0;1;14;
26/03/2024;NISSAN AD;GUARDAFANGO;1;190.68;190.68;2024;3;26;2;1;1;6.12574E-17;0.974927912;-0.222520934;ALTO;0;0;1;40;
26/03/2024;NISSAN AD;FARO DELANTERO;1;55.8;55.8;2024;3;26;2;1;1;6.12574E-17;0.974927912;-0.222520934;MEDIO;0;0;1;40;
26/03/2024;NISSAN AD;DIRECCIONAL;1;16.95;16.95;2024;3;26;2;1;1;6.12574E-17;0.974927912;-0.222520934;ECONOMICO;0;0;1;40;
27/03/2024;TOYOTA HILUX;ACCESORIOS;1;923;923;2024;3;27;3;1;1;6.12574E-17;0.433883739;-0.900968868;PREMIUM;0;0;1;78;
27/03/2024;TOYOTA RAV4;PARACHOQUE DELANTERO;1;186.44;186.44;2024;3;27;3;1;1;6.12574E-17;0.433883739;-0.900968868;ALTO;0;0;1;1;
27/03/2024;NISSAN AD;PARACHOQUE DELANTERO;2;169;338;2024;3;27;3;1;1;6.12574E-17;0.433883739;-0.900968868;ALTO;0;0;1;40;
27/03/2024;NISSAN AD;PARACHOQUE DELANTERO;1;152.54;152.54;2024;3;27;3;1;1;6.12574E-17;0.433883739;-0.900968868;ALTO;0;0;1;40;
27/03/2024;NISSAN AD;PARACHOQUE POSTERIOR;1;161;161;2024;3;27;3;1;1;6.12574E-17;0.433883739;-0.900968868;ALTO;0;0;1;40;
27/03/2024;NISSAN AD;FARO POSTERIORE;2;76.27;152.54;2024;3;27;3;1;1;6.12574E-17;0.433883739;-0.900968868;MEDIO;0;0;1;40;
27/03/2024;NISSAN AD;DIRECCIONAL;2;12.71;25.42;2024;3;27;3;1;1;6.12574E-17;0.433883739;-0.900968868;ECONOMICO;0;0;1;40;
28/03/2024;FD;FOCO Y SOKATE;1;22.3;22.3;2024;3;28;4;1;1;6.12574E-17;-0.433883739;-0.900968868;ECONOMICO;0;0;1;9;
31/03/2024;ACS;ACCESORIOS;1;813;813;2024;3;31;0;1;1;6.12574E-17;0;1;PREMIUM;1;0;1;1;
1/04/2024;NISSAN AD;SOPORTE DE MOTOR;2;38.14;76.28;2024;4;1;1;2;0.866025404;-0.5;0.781831482;0.623489802;ECONOMICO;0;1;0;40;
1/04/2024;NISSAN AD;SOPORTE DE CAJA;2;29;58;2024;4;1;1;2;0.866025404;-0.5;0.781831482;0.623489802;ECONOMICO;0;1;0;40;
4/04/2024;KIA RIO;PARACHOQUE DELANTERO;1;254.24;254.24;2024;4;4;4;2;0.866025404;-0.5;-0.433883739;-0.900968868;ALTO;0;1;0;57;
4/04/2024;KIA RIO;TAPA DE NEBLINERO;1;67.8;67.8;2024;4;4;4;2;0.866025404;-0.5;-0.433883739;-0.900968868;MEDIO;0;1;0;57;
4/04/2024;NISSAN SENTRA;RADIADOR;1;144.7;144.7;2024;4;4;4;2;0.866025404;-0.5;-0.433883739;-0.900968868;MEDIO;0;1;0;41;
5/04/2024;KIA RIO;VENTILADOR;1;105;105;2024;4;5;5;2;0.866025404;-0.5;-0.974927912;-0.222520934;MEDIO;0;1;0;57;
6/04/2024;COMBI 5L;FARO DELANTERO;1;271;271;2024;4;6;6;2;0.866025404;-0.5;-0.781831482;0.623489802;ALTO;1;0;0;4;
6/04/2024;COMBI 5L;MASCARA DELANTERA;1;186;186;2024;4;6;6;2;0.866025404;-0.5;-0.781831482;0.623489802;ALTO;1;0;0;4;
6/04/2024;COMBI 5L;GUARDAFANGO;1;50;50;2024;4;6;6;2;0.866025404;-0.5;-0.781831482;0.623489802;ECONOMICO;1;0;0;4;
6/04/2024;NO DETALLA;PARACHOQUE DELANTERO;1;216;216;2024;4;6;6;2;0.866025404;-0.5;-0.781831482;0.623489802;ALTO;1;0;0;17;
6/04/2024;NISSAN AD;FAROS DELANTEROS;2;67.8;135.6;2024;4;6;6;2;0.866025404;-0.5;-0.781831482;0.623489802;MEDIO;1;0;0;40;
6/04/2024;NISSAN AD;FARO DELANTERO;2;50.85;101.7;2024;4;6;6;2;0.866025404;-0.5;-0.781831482;0.623489802;MEDIO;1;0;0;40;
6/04/2024;NISSAN AD;DIRECCIONALES;1;33.9;33.9;2024;4;6;6;2;0.866025404;-0.5;-0.781831482;0.623489802;ECONOMICO;1;0;0;40;
6/04/2024;NISSAN AD;PESTAÑAS;1;25.42;25.42;2024;4;6;6;2;0.866025404;-0.5;-0.781831482;0.623489802;ECONOMICO;1;0;0;40;
6/04/2024;NISSAN AD;DIRECCIONAL CALIFORNIA;1;42.37;42.37;2024;4;6;6;2;0.866025404;-0.5;-0.781831482;0.623489802;ECONOMICO;1;0;0;40;
6/04/2024;NISSAN AD;AMORTIGUADOR;1;50.82;50.82;2024;4;6;6;2;0.866025404;-0.5;-0.781831482;0.623489802;MEDIO;1;0;0;40;
9/04/2024;KIA RIO;TAPA;1;67.8;67.8;2024;4;9;2;2;0.866025404;-0.5;0.974927912;-0.222520934;MEDIO;0;0;0;57;
9/04/2024;KIA RIO;TA NEBLINERO;1;67.8;67.8;2024;4;9;2;2;0.866025404;-0.5;0.974927912;-0.222520934;MEDIO;0;0;0;57;
12/04/2024;NISSAN SENTRA;GUARDAFANGO;1;93.22;93.22;2024;4;12;5;2;0.866025404;-0.5;-0.974927912;-0.222520934;MEDIO;0;0;0;41;
12/04/2024;NISSAN SENTRA;PARACHOQUE DELANTERO;1;67.8;67.8;2024;4;12;5;2;0.866025404;-0.5;-0.974927912;-0.222520934;MEDIO;0;0;0;41;
12/04/2024;NISSAN SENTRA;FARO DELANTERO;1;59.32;59.32;2024;4;12;5;2;0.866025404;-0.5;-0.974927912;-0.222520934;MEDIO;0;0;0;41;
12/04/2024;NISSAN SENTRA;DIRECCIONAL;1;16.95;16.95;2024;4;12;5;2;0.866025404;-0.5;-0.974927912;-0.222520934;ECONOMICO;0;0;0;41;
13/04/2024;KIA RIO;SOPORTE DEL MOTOR;1;45;45;2024;4;13;6;2;0.866025404;-0.5;-0.781831482;0.623489802;ECONOMICO;1;0;0;57;
13/04/2024;KIA RIO;MASCARA FRONTAL;1;186.44;186.44;2024;4;13;6;2;0.866025404;-0.5;-0.781831482;0.623489802;ALTO;1;0;0;57;
13/04/2024;KIA RIO;PARACHOQUE DELANTERO;1;144;144;2024;4;13;6;2;0.866025404;-0.5;-0.781831482;0.623489802;MEDIO;1;0;0;57;
13/04/2024;KIA RIO;FARO DELANTERO;1;118;118;2024;4;13;6;2;0.866025404;-0.5;-0.781831482;0.623489802;MEDIO;1;0;0;57;
14/04/2024;CHEVROLET N300;PARACHOQUE DELANTERO;1;93.22;93.22;2024;4;14;0;2;0.866025404;-0.5;0;1;MEDIO;1;0;0;4;
16/04/2024;HYUNDAI ELANTRA;PARACHOQUE DELANTERO;1;203;203;2024;4;16;2;2;0.866025404;-0.5;0.974927912;-0.222520934;ALTO;0;0;0;10;
16/04/2024;HYUNDAI ELANTRA;MASCARA DELANTERA;1;152;152;2024;4;16;2;2;0.866025404;-0.5;0.974927912;-0.222520934;ALTO;0;0;0;10;
16/04/2024;TOYOTA HILUX;FARO POSTERIOR;1;84.75;84.75;2024;4;16;2;2;0.866025404;-0.5;0.974927912;-0.222520934;MEDIO;0;0;0;78;
19/04/2024;NISSAN AD;VENTILADOR;1;144;144;2024;4;19;5;2;0.866025404;-0.5;-0.974927912;-0.222520934;MEDIO;0;0;0;40;
19/04/2024;KIA PICANTO;CAPOT;1;423;423;2024;4;19;5;2;0.866025404;-0.5;-0.974927912;-0.222520934;ALTO;0;0;0;8;
19/04/2024;KIA PICANTO;FARO DELANTERO;2;228;456;2024;4;19;5;2;0.866025404;-0.5;-0.974927912;-0.222520934;ALTO;0;0;0;8;
19/04/2024;KIA PICANTO;PARACHOQUE DELANTERO;1;177;177;2024;4;19;5;2;0.866025404;-0.5;-0.974927912;-0.222520934;ALTO;0;0;0;8;
19/04/2024;KIA PICANTO;GUARDAFANGO;2;152;304;2024;4;19;5;2;0.866025404;-0.5;-0.974927912;-0.222520934;ALTO;0;0;0;8;
19/04/2024;KIA PICANTO;MASCARA FRONTAL;1;228;228;2024;4;19;5;2;0.866025404;-0.5;-0.974927912;-0.222520934;ALTO;0;0;0;8;
20/04/2024;FOTON;PARACHOQUE DELANTERO;1;144;144;2024;4;20;6;2;0.866025404;-0.5;-0.781831482;0.623489802;MEDIO;1;0;0;3;
20/04/2024;FOTON;MASCARA;1;192;192;2024;4;20;6;2;0.866025404;-0.5;-0.781831482;0.623489802;ALTO;1;0;0;3;
20/04/2024;FOTON;FARO POSTERIOR;1;59;59;2024;4;20;6;2;0.866025404;-0.5;-0.781831482;0.623489802;MEDIO;1;0;0;3;
20/04/2024;CHEVROLET PRISMA;CAPOT;1;423;423;2024;4;20;6;2;0.866025404;-0.5;-0.781831482;0.623489802;ALTO;1;0;0;2;
20/04/2024;CHEVROLET PRISMA;PARACHOQUE DELANTERO;1;296;296;2024;4;20;6;2;0.866025404;-0.5;-0.781831482;0.623489802;ALTO;1;0;0;2;
21/04/2024;CL;CLAXON PLATILLO;1;16.95;16.95;2024;4;21;0;2;0.866025404;-0.5;0;1;ECONOMICO;1;0;0;1;
22/04/2024;AAA;NEBLINERO;1;84;84;2024;4;22;1;2;0.866025404;-0.5;0.781831482;0.623489802;MEDIO;0;0;0;1;
24/04/2024;KIA RIO;SOPORTE DEL MOTOR;1;45;45;2024;4;24;3;2;0.866025404;-0.5;0.433883739;-0.900968868;ECONOMICO;0;0;0;57;
24/04/2024;NISSAN AD;VENTILADOR;1;127;127;2024;4;24;3;2;0.866025404;-0.5;0.433883739;-0.900968868;MEDIO;0;0;0;40;
26/04/2024;KAVTO;FARO NEBLINERO;1;105;105;2024;4;26;5;2;0.866025404;-0.5;-0.974927912;-0.222520934;MEDIO;0;0;1;10;
26/04/2024;KAVTO;CIRCULINA DOS FUNCIONES;2;76.27;152.54;2024;4;26;5;2;0.866025404;-0.5;-0.974927912;-0.222520934;MEDIO;0;0;1;10;
26/04/2024;45 LED;FOCOS;1;12.71;12.71;2024;4;26;5;2;0.866025404;-0.5;-0.974927912;-0.222520934;ECONOMICO;0;0;1;1;
26/04/2024;9 LED;FOCOS;2;8.47;16.94;2024;4;26;5;2;0.866025404;-0.5;-0.974927912;-0.222520934;ECONOMICO;0;0;1;1;
26/04/2024;KAVTO;BASE DE FOCO;4;5.68;22.72;2024;4;26;5;2;0.866025404;-0.5;-0.974927912;-0.222520934;ECONOMICO;0;0;1;10;
26/04/2024;CB;CABLE ROJO METROS;10;2.54;25.4;2024;4;26;5;2;0.866025404;-0.5;-0.974927912;-0.222520934;ECONOMICO;0;0;1;8;
26/04/2024;CB;CABLE NEGRO METROS;10;2.54;25.4;2024;4;26;5;2;0.866025404;-0.5;-0.974927912;-0.222520934;ECONOMICO;0;0;1;8;
26/04/2024;LD;LUZ COLORES;9;2.29;20.61;2024;4;26;5;2;0.866025404;-0.5;-0.974927912;-0.222520934;ECONOMICO;0;0;1;3;
26/04/2024;CB;FARO POSTERIOR;2;33.9;67.8;2024;4;26;5;2;0.866025404;-0.5;-0.974927912;-0.222520934;ECONOMICO;0;0;1;8;
27/04/2024;NISSAN AD;CLAXON;1;16.95;16.95;2024;4;27;6;2;0.866025404;-0.5;-0.781831482;0.623489802;ECONOMICO;1;0;1;40;
29/04/2024;NISSAN B14;FARO DE REMOLQUE;2;110;220;2024;4;29;1;2;0.866025404;-0.5;0.781831482;0.623489802;MEDIO;0;0;1;3;
29/04/2024;KIA RIO;GUARDAFANGO;2;131;262;2024;4;29;1;2;0.866025404;-0.5;0.781831482;0.623489802;MEDIO;0;0;1;57;
30/04/2024;NISSAN TIDA;FARO DELANTERO;1;186;186;2024;4;30;2;2;0.866025404;-0.5;0.974927912;-0.222520934;ALTO;0;0;1;14;
1/05/2024;NISSAN AD;RADIADOR;1;161.2;161.2;2024;5;1;3;2;0.5;-0.866025404;0.433883739;-0.900968868;ALTO;0;1;0;40;
1/05/2024;NISSAN AD;BASE DE VENTILADOR;1;50.85;50.85;2024;5;1;3;2;0.5;-0.866025404;0.433883739;-0.900968868;MEDIO;0;1;0;40;
2/05/2024;TOYOTA YARIS;PARACHOQUE DELANTERO;1;110;110;2024;5;2;4;2;0.5;-0.866025404;-0.433883739;-0.900968868;MEDIO;0;1;0;36;
2/05/2024;TOYOTA YARIS;BRACKETS DELANTERO;2;14.82;29.64;2024;5;2;4;2;0.5;-0.866025404;-0.433883739;-0.900968868;ECONOMICO;0;1;0;36;
2/05/2024;TOYOTA YARIS;FAROS;2;84.75;169.5;2024;5;2;4;2;0.5;-0.866025404;-0.433883739;-0.900968868;MEDIO;0;1;0;36;
2/05/2024;TOYOTA YARIS;MANDILES;2;25.42;50.84;2024;5;2;4;2;0.5;-0.866025404;-0.433883739;-0.900968868;ECONOMICO;0;1;0;36;
2/05/2024;TOYOTA YARIS;MANDILES POSTERIORES;2;25.42;50.84;2024;5;2;4;2;0.5;-0.866025404;-0.433883739;-0.900968868;ECONOMICO;0;1;0;36;
2/05/2024;TOYOTA YARIS;BRACKETS;1;25.42;25.42;2024;5;2;4;2;0.5;-0.866025404;-0.433883739;-0.900968868;ECONOMICO;0;1;0;36;
2/05/2024;K2700;ESPEJO;1;152.54;152.54;2024;5;2;4;2;0.5;-0.866025404;-0.433883739;-0.900968868;ALTO;0;1;0;4;
3/05/2024;TOYOTA HILUX;PARACHOQUE POSTERIOR;1;254;254;2024;5;3;5;2;0.5;-0.866025404;-0.974927912;-0.222520934;ALTO;0;1;0;78;
3/05/2024;TOYOTA HILUX;LKILT CROMADO;1;364;364;2024;5;3;5;2;0.5;-0.866025404;-0.974927912;-0.222520934;ALTO;0;1;0;78;
3/05/2024;NO DETALLA;TAPA DE GASOLINA CON LLAVE;1;21.19;21.19;2024;5;3;5;2;0.5;-0.866025404;-0.974927912;-0.222520934;ECONOMICO;0;1;0;17;
4/05/2024;TOYOTA YARIS;FARO DELANTERO;1;152.54;152.54;2024;5;4;6;2;0.5;-0.866025404;-0.781831482;0.623489802;ALTO;1;1;0;36;
4/05/2024;TOYOTA YARIS;MASCARA DELANTERA;1;46.61;46.61;2024;5;4;6;2;0.5;-0.866025404;-0.781831482;0.623489802;ECONOMICO;1;1;0;36;
4/05/2024;SUZUKI GRAND NOMADE;FARO DELANTERO;1;305;305;2024;5;4;6;2;0.5;-0.866025404;-0.781831482;0.623489802;ALTO;1;1;0;2;
7/05/2024;MITSHUBISI L200;GUARDAFANGO;1;177;177;2024;5;7;2;2;0.5;-0.866025404;0.974927912;-0.222520934;ALTO;0;0;0;11;
7/05/2024;MITSHUBISI L200;FARO;1;118;118;2024;5;7;2;2;0.5;-0.866025404;0.974927912;-0.222520934;MEDIO;0;0;0;11;
7/05/2024;MITSHUBISI L200;ESPEJO;1;93.22;93.22;2024;5;7;2;2;0.5;-0.866025404;0.974927912;-0.222520934;MEDIO;0;0;0;11;
7/05/2024;HYUNDAI ACCENT;VENTILADOR;1;101;101;2024;5;7;2;2;0.5;-0.866025404;0.974927912;-0.222520934;MEDIO;0;0;0;36;
7/05/2024;SUZUKI;PARACHOQUE DELANTERO;1;296;296;2024;5;7;2;2;0.5;-0.866025404;0.974927912;-0.222520934;ALTO;0;0;0;4;
7/05/2024;SUZUKI;GUARDAFANGO;1;186;186;2024;5;7;2;2;0.5;-0.866025404;0.974927912;-0.222520934;ALTO;0;0;0;4;
10/05/2024;NO DETALLA;FOCO BASE;14;4.97;69.58;2024;5;10;5;2;0.5;-0.866025404;-0.974927912;-0.222520934;ECONOMICO;0;0;0;17;
14/05/2024;HYUNDAI ACCENT;FARO DELANTERO;2;127;254;2024;5;14;2;2;0.5;-0.866025404;0.974927912;-0.222520934;MEDIO;0;0;0;36;
14/05/2024;HYUNDAI ACCENT;PARACHOQUE DEALANTERO;1;135;135;2024;5;14;2;2;0.5;-0.866025404;0.974927912;-0.222520934;MEDIO;0;0;0;36;
14/05/2024;HYUNDAI ACCENT;PORTA CHAPA;1;50.85;50.85;2024;5;14;2;2;0.5;-0.866025404;0.974927912;-0.222520934;MEDIO;0;0;0;36;
16/05/2024;GLORY;RADIADOR;1;165;165;2024;5;16;4;2;0.5;-0.866025404;-0.433883739;-0.900968868;ALTO;0;0;0;1;
18/05/2024;NISSAN FRONTIER;PARACHOQUE DELANTERO;1;165.25;165.25;2024;5;18;6;2;0.5;-0.866025404;-0.781831482;0.623489802;ALTO;1;0;0;19;
18/05/2024;TOYOTA COROLLA;MANDIL;1;29.66;29.66;2024;5;18;6;2;0.5;-0.866025404;-0.781831482;0.623489802;ECONOMICO;1;0;0;66;
18/05/2024;NARVA;FOCO 881;1;16.95;16.95;2024;5;18;6;2;0.5;-0.866025404;-0.781831482;0.623489802;ECONOMICO;1;0;0;15;
20/05/2024;FOTON AUMARARK;PARABRISA;1;350;350;2024;5;20;1;2;0.5;-0.866025404;0.781831482;0.623489802;ALTO;0;0;0;1;
21/05/2024;NO DETALLA;NEBLINERO;1;38.14;38.14;2024;5;21;2;2;0.5;-0.866025404;0.974927912;-0.222520934;ECONOMICO;0;0;0;17;
22/05/2024;TOYOTA PROBOX;FARO DELANTERO;2;131;262;2024;5;22;3;2;0.5;-0.866025404;0.433883739;-0.900968868;MEDIO;0;0;0;22;
22/05/2024;TOYOTA PROBOX;ESPEJO;1;50.85;50.85;2024;5;22;3;2;0.5;-0.866025404;0.433883739;-0.900968868;MEDIO;0;0;0;22;
22/05/2024;NO DETALLA;SOPORTE VULCANIZADO;2;42.37;84.74;2024;5;22;3;2;0.5;-0.866025404;0.433883739;-0.900968868;ECONOMICO;0;0;0;17;
24/05/2024;NISSAN VERSA;FARO DELANTERO;1;364.41;364.41;2024;5;24;5;2;0.5;-0.866025404;-0.974927912;-0.222520934;ALTO;0;0;0;18;
24/05/2024;NISSAN VERSA;KITS NEBLINERO;2;127;254;2024;5;24;5;2;0.5;-0.866025404;-0.974927912;-0.222520934;MEDIO;0;0;0;18;
24/05/2024;NISSAN VERSA;MASCARA;1;152;152;2024;5;24;5;2;0.5;-0.866025404;-0.974927912;-0.222520934;ALTO;0;0;0;18;
24/05/2024;NISSAN VERSA;MANDIL;1;33.9;33.9;2024;5;24;5;2;0.5;-0.866025404;-0.974927912;-0.222520934;ECONOMICO;0;0;0;18;
24/05/2024;TOYOTA COROLLA;FARO DELANTERO;2;59.32;118.64;2024;5;24;5;2;0.5;-0.866025404;-0.974927912;-0.222520934;MEDIO;0;0;0;66;
24/05/2024;TOYOTA COROLLA;DIRECCIONALES;2;25.42;50.84;2024;5;24;5;2;0.5;-0.866025404;-0.974927912;-0.222520934;ECONOMICO;0;0;0;66;
25/05/2024;NISSAN VERSA;PARACHOQUE DELANTERO;1;144.7;144.7;2024;5;25;6;2;0.5;-0.866025404;-0.781831482;0.623489802;MEDIO;1;0;1;18;
25/05/2024;NISSAN VERSA;MANDIL;1;33.9;33.9;2024;5;25;6;2;0.5;-0.866025404;-0.781831482;0.623489802;ECONOMICO;1;0;1;18;
25/05/2024;KIA RIO;CAPOT;1;423.73;423.73;2024;5;25;6;2;0.5;-0.866025404;-0.781831482;0.623489802;ALTO;1;0;1;57;
25/05/2024;KIA RIO;PARACHOQUE DELANTERO;1;186;186;2024;5;25;6;2;0.5;-0.866025404;-0.781831482;0.623489802;ALTO;1;0;1;57;
25/05/2024;KIA RIO;MASCARA;1;135;135;2024;5;25;6;2;0.5;-0.866025404;-0.781831482;0.623489802;MEDIO;1;0;1;57;
25/05/2024;KIA RIO;PORTA PLACA;1;84.75;84.75;2024;5;25;6;2;0.5;-0.866025404;-0.781831482;0.623489802;MEDIO;1;0;1;57;
25/05/2024;KIA RIO;BRACKETS;1;50.85;50.85;2024;5;25;6;2;0.5;-0.866025404;-0.781831482;0.623489802;MEDIO;1;0;1;57;
27/05/2024;CUSTON;PARACHOQUE DELANTERO;1;118;118;2024;5;27;1;2;0.5;-0.866025404;0.781831482;0.623489802;MEDIO;0;0;1;5;
27/05/2024;CUSTON;MASCARA;1;84.75;84.75;2024;5;27;1;2;0.5;-0.866025404;0.781831482;0.623489802;MEDIO;0;0;1;5;
27/05/2024;CUSTON;DIRECCIONALES;2;29.66;59.32;2024;5;27;1;2;0.5;-0.866025404;0.781831482;0.623489802;ECONOMICO;0;0;1;5;
27/05/2024;CUSTON;FARO POSTERIOR;2;33.9;67.8;2024;5;27;1;2;0.5;-0.866025404;0.781831482;0.623489802;ECONOMICO;0;0;1;5;
27/05/2024;CUSTON;PLUMILLA;1;15.25;15.25;2024;5;27;1;2;0.5;-0.866025404;0.781831482;0.623489802;ECONOMICO;0;0;1;5;
27/05/2024;MITSHUBISI L200;PARACHOQUE DELANTERO;1;110.17;110.17;2024;5;27;1;2;0.5;-0.866025404;0.781831482;0.623489802;MEDIO;0;0;1;11;
27/05/2024;MITSHUBISI L200;NEBLINERO;1;127.12;127.12;2024;5;27;1;2;0.5;-0.866025404;0.781831482;0.623489802;MEDIO;0;0;1;11;
27/05/2024;HYUNDAI ACCENT;MANDILES;3;25.42;76.26;2024;5;27;1;2;0.5;-0.866025404;0.781831482;0.623489802;ECONOMICO;0;0;1;36;
27/05/2024;KAVTO;NEBLINEROS CROMADOS;4;33.9;135.6;2024;5;27;1;2;0.5;-0.866025404;0.781831482;0.623489802;ECONOMICO;0;0;1;10;
27/05/2024;NO DETALLA;FOCO ALOJENO;1;12.71;12.71;2024;5;27;1;2;0.5;-0.866025404;0.781831482;0.623489802;ECONOMICO;0;0;1;17;
27/05/2024;NO DETALLA;FOCO ALOJENO H1;1;6.78;6.78;2024;5;27;1;2;0.5;-0.866025404;0.781831482;0.623489802;ECONOMICO;0;0;1;17;
28/05/2024;NO DETALLA;CIRCULINA DOS FUNCIONES;1;74;74;2024;5;28;2;2;0.5;-0.866025404;0.974927912;-0.222520934;MEDIO;0;0;1;17;
28/05/2024;NISSAN FRONTIER;FARO DELANTERO;2;203;406;2024;5;28;2;2;0.5;-0.866025404;0.974927912;-0.222520934;ALTO;0;0;1;19;
28/05/2024;NISSAN FRONTIER;PARACHOQUE DELANTERO;1;144;144;2024;5;28;2;2;0.5;-0.866025404;0.974927912;-0.222520934;MEDIO;0;0;1;19;
28/05/2024;NISSAN FRONTIER;GUARDAFANGO;1;169;169;2024;5;28;2;2;0.5;-0.866025404;0.974927912;-0.222520934;ALTO;0;0;1;19;
28/05/2024;NO DETALLA;FOCOS H4;2;12.71;25.42;2024;5;28;2;2;0.5;-0.866025404;0.974927912;-0.222520934;ECONOMICO;0;0;1;17;
28/05/2024;NO DETALLA;FOCOS LED LH;1;16.95;16.95;2024;5;28;2;2;0.5;-0.866025404;0.974927912;-0.222520934;ECONOMICO;0;0;1;17;
29/05/2024;TOYOTA HILUX;DIRECCIONALES;2;33.9;67.8;2024;5;29;3;2;0.5;-0.866025404;0.433883739;-0.900968868;ECONOMICO;0;0;1;78;
29/05/2024;TOYOTA HILUX;CHAPA DE PUERTA;2;16.9;33.8;2024;5;29;3;2;0.5;-0.866025404;0.433883739;-0.900968868;ECONOMICO;0;0;1;78;
29/05/2024;TOYOTA HILUX;NEBLINEROS;2;46.61;93.22;2024;5;29;3;2;0.5;-0.866025404;0.433883739;-0.900968868;ECONOMICO;0;0;1;78;
29/05/2024;TOYOTA HILUX;SUBE LUNAS;4;3.81;15.24;2024;5;29;3;2;0.5;-0.866025404;0.433883739;-0.900968868;ECONOMICO;0;0;1;78;
29/05/2024;TOYOTA HILUX;MASCARA;1;127.12;127.12;2024;5;29;3;2;0.5;-0.866025404;0.433883739;-0.900968868;MEDIO;0;0;1;78;
29/05/2024;TOYOTA HILUX;FAROS;2;29.66;59.32;2024;5;29;3;2;0.5;-0.866025404;0.433883739;-0.900968868;ECONOMICO;0;0;1;78;
29/05/2024;TOYOTA HILUX;MANIJAS;4;11.82;47.28;2024;5;29;3;2;0.5;-0.866025404;0.433883739;-0.900968868;ECONOMICO;0;0;1;78;
29/05/2024;TOYOTA HILUX;MANDILES;2;36.02;72.04;2024;5;29;3;2;0.5;-0.866025404;0.433883739;-0.900968868;ECONOMICO;0;0;1;78;
29/05/2024;TOYOTA HILUX;JUEGO DE TAPA BARRO;1;72.03;72.03;2024;5;29;3;2;0.5;-0.866025404;0.433883739;-0.900968868;MEDIO;0;0;1;78;
29/05/2024;TOYOTA HILUX;DIRECCIONAL DE PARACHOQUE;2;23.37;46.74;2024;5;29;3;2;0.5;-0.866025404;0.433883739;-0.900968868;ECONOMICO;0;0;1;78;
29/05/2024;TOYOTA HILUX;VISAGRAS DE CAPOT;1;42.37;42.37;2024;5;29;3;2;0.5;-0.866025404;0.433883739;-0.900968868;ECONOMICO;0;0;1;78;
29/05/2024;TOYOTA HILUX;FARO POSTERIOR;2;38.14;76.28;2024;5;29;3;2;0.5;-0.866025404;0.433883739;-0.900968868;ECONOMICO;0;0;1;78;
29/05/2024;KIA RIO;RADIADOR;1;211;211;2024;5;29;3;2;0.5;-0.866025404;0.433883739;-0.900968868;ALTO;0;0;1;57;
29/05/2024;KIA RIO;MASCARA;1;152;152;2024;5;29;3;2;0.5;-0.866025404;0.433883739;-0.900968868;ALTO;0;0;1;57;
30/05/2024;TOYOTA COROLLA;MASCARA;1;38.14;38.14;2024;5;30;4;2;0.5;-0.866025404;-0.433883739;-0.900968868;ECONOMICO;0;0;1;66;
30/05/2024;KIA RIO;REFLECTOR;1;169.49;169.49;2024;5;30;4;2;0.5;-0.866025404;-0.433883739;-0.900968868;ALTO;0;0;1;57;
30/05/2024;KIA RIO;SEGURO DE ESPEJO;1;42.37;42.37;2024;5;30;4;2;0.5;-0.866025404;-0.433883739;-0.900968868;ECONOMICO;0;0;1;57;
30/05/2024;NISSAN AD;RADIADOR;1;161;161;2024;5;30;4;2;0.5;-0.866025404;-0.433883739;-0.900968868;ALTO;0;0;1;40;
30/05/2024;NISSAN AD;MANGUERA;2;14.83;29.66;2024;5;30;4;2;0.5;-0.866025404;-0.433883739;-0.900968868;ECONOMICO;0;0;1;40;
30/05/2024;NISSAN AD;ABRAZADERA;4;2.12;8.48;2024;5;30;4;2;0.5;-0.866025404;-0.433883739;-0.900968868;ECONOMICO;0;0;1;40;
30/05/2024;NISSAN AD;REFRIGERANTE;2;21.19;42.38;2024;5;30;4;2;0.5;-0.866025404;-0.433883739;-0.900968868;ECONOMICO;0;0;1;40;
1/06/2024;LED;FARO PIRATA LED;4;33.9;135.6;2024;6;1;6;2;1.22515E-16;-1;-0.781831482;0.623489802;ECONOMICO;1;1;0;1;
1/06/2024;NISSAN FRONTIER;MASCARA;1;127.12;127.12;2024;6;1;6;2;1.22515E-16;-1;-0.781831482;0.623489802;MEDIO;1;1;0;19;
1/06/2024;NISSAN FRONTIER;LOGOTIPO;1;25.42;25.42;2024;6;1;6;2;1.22515E-16;-1;-0.781831482;0.623489802;ECONOMICO;1;1;0;19;
2/06/2024;NISSAN;RADIADOR;1;152.54;152.54;2024;6;2;0;2;1.22515E-16;-1;0;1;ALTO;1;1;0;11;
2/06/2024;KIA RIO;VENTILADOR;1;152.54;152.54;2024;6;2;0;2;1.22515E-16;-1;0;1;ALTO;1;1;0;57;
2/06/2024;WINGLE 3;LUNA POSTERIOR;1;350;350;2024;6;2;0;2;1.22515E-16;-1;0;1;ALTO;1;1;0;1;
3/06/2024;NISSAN VERSA;FAROS;2;93.22;186.44;2024;6;3;1;2;1.22515E-16;-1;0.781831482;0.623489802;MEDIO;0;1;0;18;
3/06/2024;NISSAN VERSA;PARACHOQUE DELANTERO;1;186.44;186.44;2024;6;3;1;2;1.22515E-16;-1;0.781831482;0.623489802;ALTO;0;1;0;18;
3/06/2024;NISSAN VERSA;PARACHOQUE POSTERIOR;1;186.44;186.44;2024;6;3;1;2;1.22515E-16;-1;0.781831482;0.623489802;ALTO;0;1;0;18;
3/06/2024;NISSAN VERSA;KIT DE NEBLINEROS;1;127.12;127.12;2024;6;3;1;2;1.22515E-16;-1;0.781831482;0.623489802;MEDIO;0;1;0;18;
4/06/2024;TOYOTA YARIS;PARACHOQUE POSTERIOR;1;127.12;127.12;2024;6;4;2;2;1.22515E-16;-1;0.974927912;-0.222520934;MEDIO;0;1;0;36;
4/06/2024;N300;PARACHOQUE POSTERIOR;1;110.17;110.17;2024;6;4;2;2;1.22515E-16;-1;0.974927912;-0.222520934;MEDIO;0;1;0;16;
4/06/2024;TOYOTA HILUX;FENDER;1;42.37;42.37;2024;6;4;2;2;1.22515E-16;-1;0.974927912;-0.222520934;ECONOMICO;0;1;0;78;
4/06/2024;LD;FOCO;1;2.54;2.54;2024;6;4;2;2;1.22515E-16;-1;0.974927912;-0.222520934;ECONOMICO;0;1;0;3;
5/06/2024;HYUNDAI H1;FRONTAL;1;381.36;381.36;2024;6;5;3;2;1.22515E-16;-1;0.433883739;-0.900968868;ALTO;0;1;0;12;
5/06/2024;HYUNDAI H1;FARO DELANTERO;1;152.54;152.54;2024;6;5;3;2;1.22515E-16;-1;0.433883739;-0.900968868;ALTO;0;1;0;12;
5/06/2024;HYUNDAI H1;PARACHOQUE DELANTERO;1;152.54;152.54;2024;6;5;3;2;1.22515E-16;-1;0.433883739;-0.900968868;ALTO;0;1;0;12;
5/06/2024;HYUNDAI H1;FOCO H7;1;10.17;10.17;2024;6;5;3;2;1.22515E-16;-1;0.433883739;-0.900968868;ECONOMICO;0;1;0;12;
6/06/2024;HYUNDAI H1;FOCO;1;10.17;10.17;2024;6;6;4;2;1.22515E-16;-1;-0.433883739;-0.900968868;ECONOMICO;0;0;0;12;
6/06/2024;KAVTO;LAGRIMA;1;1.27;1.27;2024;6;6;4;2;1.22515E-16;-1;-0.433883739;-0.900968868;ECONOMICO;0;0;0;10;
7/06/2024;HYUNDAI H1;BRACKETS;2;25.42;50.84;2024;6;7;5;2;1.22515E-16;-1;-0.974927912;-0.222520934;ECONOMICO;0;0;0;12;
7/06/2024;KAVTO;FOCO;1;2.54;2.54;2024;6;7;5;2;1.22515E-16;-1;-0.974927912;-0.222520934;ECONOMICO;0;0;0;10;
7/06/2024;HYUNDAI H1;PARACHOQUE POSTERIOR;1;152.54;152.54;2024;6;7;5;2;1.22515E-16;-1;-0.974927912;-0.222520934;ALTO;0;0;0;12;
8/06/2024;FIERRA;DIRECCIONALES;2;25.42;50.84;2024;6;8;6;2;1.22515E-16;-1;-0.781831482;0.623489802;ECONOMICO;1;0;0;1;
9/06/2024;NISSAN B16;CAPOT;1;271.19;271.19;2024;6;9;0;2;1.22515E-16;-1;0;1;ALTO;1;0;0;8;
10/06/2024;NISSAN B17;PARACHOQUE DELANTERO;1;76.27;76.27;2024;6;10;1;2;1.22515E-16;-1;0.781831482;0.623489802;MEDIO;0;0;0;1;
11/06/2024;NISSAN B18;GUARDA FANGO;1;93.22;93.22;2024;6;11;2;2;1.22515E-16;-1;0.974927912;-0.222520934;MEDIO;0;0;0;1;
12/06/2024;NISSAN B19;FARO DELANTERO;2;55.08;110.16;2024;6;12;3;2;1.22515E-16;-1;0.433883739;-0.900968868;MEDIO;0;0;0;1;
12/06/2024;NISSAN B20;DIRECCIONAL;1;16.95;16.95;2024;6;12;3;2;1.22515E-16;-1;0.433883739;-0.900968868;ECONOMICO;0;0;0;1;
12/06/2024;NISSAN B21;VISEL;1;16.95;16.95;2024;6;12;3;2;1.22515E-16;-1;0.433883739;-0.900968868;ECONOMICO;0;0;0;1;
12/06/2024;AVEO;VENTILADOR;1;169.49;169.49;2024;6;12;3;2;1.22515E-16;-1;0.433883739;-0.900968868;ALTO;0;0;0;2;
13/06/2024;KIA RIO;PARACHOQUE DELANTERO;1;194.92;194.92;2024;6;13;4;2;1.22515E-16;-1;-0.433883739;-0.900968868;ALTO;0;0;0;57;
13/06/2024;KIA RIO;GUARDA FANGO;1;144.07;144.07;2024;6;13;4;2;1.22515E-16;-1;-0.433883739;-0.900968868;MEDIO;0;0;0;57;
13/06/2024;KIA RIO;FARO DELANTERO;1;144.07;144.07;2024;6;13;4;2;1.22515E-16;-1;-0.433883739;-0.900968868;MEDIO;0;0;0;57;
13/06/2024;KIA RIO;PORTA FILTRO;1;135.59;135.59;2024;6;13;4;2;1.22515E-16;-1;-0.433883739;-0.900968868;MEDIO;0;0;0;57;
14/06/2024;KIA RIO;MANDIL DE LLANTA;1;25.42;25.42;2024;6;14;5;2;1.22515E-16;-1;-0.974927912;-0.222520934;ECONOMICO;0;0;0;57;
15/06/2024;FD;FOCO;1;186.44;186.44;2024;6;15;6;2;1.22515E-16;-1;-0.781831482;0.623489802;ALTO;1;0;0;9;
15/06/2024;FH;FOCO;1;186.44;186.44;2024;6;15;6;2;1.22515E-16;-1;-0.781831482;0.623489802;ALTO;1;0;0;1;
15/06/2024;FRONTIER;FARO DELANTERO;2;110.17;220.34;2024;6;15;6;2;1.22515E-16;-1;-0.781831482;0.623489802;MEDIO;1;0;0;1;
15/06/2024;SET;JUEGOS DE PLUMILLAS;2;16.95;33.9;2024;6;15;6;2;1.22515E-16;-1;-0.781831482;0.623489802;ECONOMICO;1;0;0;1;
16/06/2024;TOYOTA PROBOX;FARO POSTERIOR;2;50.85;101.7;2024;6;16;0;2;1.22515E-16;-1;0;1;MEDIO;1;0;0;22;
16/06/2024;TOYOTA PROBOX;MANDIL;2;25.42;50.84;2024;6;16;0;2;1.22515E-16;-1;0;1;ECONOMICO;1;0;0;22;
16/06/2024;KIA RIO;PORTA CHAPA;1;211.86;211.86;2024;6;16;0;2;1.22515E-16;-1;0;1;ALTO;1;0;0;57;
16/06/2024;NISSAN B12;FARO DELANTERO;2;110.17;220.34;2024;6;16;0;2;1.22515E-16;-1;0;1;MEDIO;1;0;0;4;
17/06/2024;B12;DIRECCIONALES;2;25.42;50.84;2024;6;17;1;2;1.22515E-16;-1;0.781831482;0.623489802;ECONOMICO;0;0;0;1;
18/06/2024;CHEVROLET SAIL;FARO DELANTERO;2;97.46;194.92;2024;6;18;2;2;1.22515E-16;-1;0.974927912;-0.222520934;MEDIO;0;0;0;12;
19/06/2024;CHEVROLET SAIL;FARO POSTERIOR;2;67.8;135.6;2024;6;19;3;2;1.22515E-16;-1;0.433883739;-0.900968868;MEDIO;0;0;0;12;
19/06/2024;CHEVROLET SAIL;PARACHOQUE DELANTERO;1;93.22;93.22;2024;6;19;3;2;1.22515E-16;-1;0.433883739;-0.900968868;MEDIO;0;0;0;12;
19/06/2024;CHEVROLET SAIL;PARACHOQUE POSTERIOR;1;118.64;118.64;2024;6;19;3;2;1.22515E-16;-1;0.433883739;-0.900968868;MEDIO;0;0;0;12;
19/06/2024;CHEVROLET SAIL;ESPEJO;1;101.69;101.69;2024;6;19;3;2;1.22515E-16;-1;0.433883739;-0.900968868;MEDIO;0;0;0;12;
20/06/2024;CHEVROLET SAIL;MALETERA;1;406.78;406.78;2024;6;20;4;2;1.22515E-16;-1;-0.433883739;-0.900968868;ALTO;0;0;0;12;
21/06/2024;SUZUKI GRAND NOMADE;FARO POSTERIOR;3;161.02;483.06;2024;6;21;5;2;1.22515E-16;-1;-0.974927912;-0.222520934;ALTO;0;0;0;2;
21/06/2024;CHEVROLET SAIL;FARO POSTERIOR;1;67.8;67.8;2024;6;21;5;2;1.22515E-16;-1;-0.974927912;-0.222520934;MEDIO;0;0;0;12;
21/06/2024;CHEVROLET SAIL;KIT DE NEBLINERO;1;127.12;127.12;2024;6;21;5;2;1.22515E-16;-1;-0.974927912;-0.222520934;MEDIO;0;0;0;12;
22/06/2024;TOYOTA ETIOS;PARACHOQUE DELANTERO;1;152.54;152.54;2024;6;22;6;2;1.22515E-16;-1;-0.781831482;0.623489802;ALTO;1;0;0;2;
23/06/2024;TOYOTA ETIOS;FARO POSTERIOR;1;135.59;135.59;2024;6;23;0;2;1.22515E-16;-1;0;1;MEDIO;1;0;0;2;
24/06/2024;NISSAN;RADIADOR;1;228.81;228.81;2024;6;24;1;2;1.22515E-16;-1;0.781831482;0.623489802;ALTO;0;0;0;11;
24/06/2024;SP;SOPORTE;3;33.9;101.7;2024;6;24;1;2;1.22515E-16;-1;0.781831482;0.623489802;ECONOMICO;0;0;0;1;
24/06/2024;5L;PARACHOQUE DELANTERO;1;177.97;177.97;2024;6;24;1;2;1.22515E-16;-1;0.781831482;0.623489802;ALTO;0;0;0;7;
24/06/2024;HYUNDAI H100;PARACHOQUE DELANTERO;1;152.54;152.54;2024;6;24;1;2;1.22515E-16;-1;0.781831482;0.623489802;ALTO;0;0;0;7;
24/06/2024;NAVARA;FARO POSTERIOR;2;127.12;254.24;2024;6;24;1;2;1.22515E-16;-1;0.781831482;0.623489802;MEDIO;0;0;0;1;
24/06/2024;KIA RIO;MANDIL DE MOTOR;1;118.64;118.64;2024;6;24;1;2;1.22515E-16;-1;0.781831482;0.623489802;MEDIO;0;0;0;57;
25/06/2024;KIA RIO;MANIJA DE PUERTA;1;33.9;33.9;2024;6;25;2;2;1.22515E-16;-1;0.974927912;-0.222520934;ECONOMICO;0;0;1;57;
26/06/2024;KIA RIO;PARACHOQUE DELANTERO;1;169.49;169.49;2024;6;26;3;2;1.22515E-16;-1;0.433883739;-0.900968868;ALTO;0;0;1;57;
27/06/2024;TOYOTA YARIS;PARACHOQUE DELANTERO;1;110.17;110.17;2024;6;27;4;2;1.22515E-16;-1;-0.433883739;-0.900968868;MEDIO;0;0;1;36;
27/06/2024;TOYOTA YARIS;MASCARA;1;50.85;50.85;2024;6;27;4;2;1.22515E-16;-1;-0.433883739;-0.900968868;MEDIO;0;0;1;36;
27/06/2024;TOYOTA YARIS;CROMOS;1;42.37;42.37;2024;6;27;4;2;1.22515E-16;-1;-0.433883739;-0.900968868;ECONOMICO;0;0;1;36;
28/06/2024;TOYOTA YARIS;GUARDA FANGOS;1;177.97;177.97;2024;6;28;5;2;1.22515E-16;-1;-0.974927912;-0.222520934;ALTO;0;0;1;36;
29/06/2024;TOYOTA YARIS;TAPAS;1;33.9;33.9;2024;6;29;6;2;1.22515E-16;-1;-0.781831482;0.623489802;ECONOMICO;1;0;1;36;
29/06/2024;TOYOTA YARIS;ESPEJOS;2;101.69;203.38;2024;6;29;6;2;1.22515E-16;-1;-0.781831482;0.623489802;MEDIO;1;0;1;36;
29/06/2024;TOYOTA YARIS;BRACKETS;1;29.66;29.66;2024;6;29;6;2;1.22515E-16;-1;-0.781831482;0.623489802;ECONOMICO;1;0;1;36;
30/06/2024;TOYOTA HILUX;PARACHOQUE DELANTERO;1;135.59;135.59;2024;6;30;0;2;1.22515E-16;-1;0;1;MEDIO;1;0;1;78;
30/06/2024;TOYOTA HILUX;FARO DELANTERO;1;203.39;203.39;2024;6;30;0;2;1.22515E-16;-1;0;1;ALTO;1;0;1;78;
30/06/2024;TOYOTA HILUX;GUARDA FANGO;1;118.64;118.64;2024;6;30;0;2;1.22515E-16;-1;0;1;MEDIO;1;0;1;78;
30/06/2024;TOYOTA HILUX;MANDIL;1;29.66;29.66;2024;6;30;0;2;1.22515E-16;-1;0;1;ECONOMICO;1;0;1;78;
1/07/2024;nissan b12;FARO PIRATA LED;12;33.9;406.8;2024;7;1;1;3;-0.5;-0.866025404;0.781831482;0.623489802;ECONOMICO;0;1;0;4;
1/07/2024;nissan b13;PARA CHOQUE DELANTERO;1;76.27;76.27;2024;7;1;1;3;-0.5;-0.866025404;0.781831482;0.623489802;MEDIO;0;1;0;1;
1/07/2024;nissan b14;MASCARA;1;42.37;42.37;2024;7;1;1;3;-0.5;-0.866025404;0.781831482;0.623489802;ECONOMICO;0;1;0;3;
1/07/2024;nissan b15;DIRECCIONAL;1;50.85;50.85;2024;7;1;1;3;-0.5;-0.866025404;0.781831482;0.623489802;MEDIO;0;1;0;2;
2/07/2024;METROPOLITANO;PARACHOQUE DELANTERO;1;177.97;177.97;2024;7;2;2;3;-0.5;-0.866025404;0.974927912;-0.222520934;ALTO;0;1;0;1;
2/07/2024;K2700;FARO DELANTERO;1;63.56;63.56;2024;7;2;2;3;-0.5;-0.866025404;0.974927912;-0.222520934;MEDIO;0;1;0;4;
2/07/2024;KIA RIO;PARACHOQUE DELANTERO;1;177.97;177.97;2024;7;2;2;3;-0.5;-0.866025404;0.974927912;-0.222520934;ALTO;0;1;0;57;
2/07/2024;KIA RIO;FARO DELANTERO;1;144.07;144.07;2024;7;2;2;3;-0.5;-0.866025404;0.974927912;-0.222520934;MEDIO;0;1;0;57;
3/07/2024;HYUNDAI H100;PARACHOQUE DELANTERO;1;169.49;169.49;2024;7;3;3;3;-0.5;-0.866025404;0.433883739;-0.900968868;ALTO;0;1;0;7;
3/07/2024;HYUNDAI H101;CAPOT;1;194.92;194.92;2024;7;3;3;3;-0.5;-0.866025404;0.433883739;-0.900968868;ALTO;0;1;0;2;
3/07/2024;HYUNDAI H102;TANQUE;1;118.64;118.64;2024;7;3;3;3;-0.5;-0.866025404;0.433883739;-0.900968868;MEDIO;0;1;0;1;
3/07/2024;HYUNDAI H103;EMBLEMA;1;50.85;50.85;2024;7;3;3;3;-0.5;-0.866025404;0.433883739;-0.900968868;MEDIO;0;1;0;1;
4/07/2024;SUZUKI CELERIO;FARO DELANTERO;2;177.97;355.94;2024;7;4;4;3;-0.5;-0.866025404;-0.433883739;-0.900968868;ALTO;0;1;0;1;
4/07/2024;FD;ACCESORIOS DE AUTOS;1;1326.27;1326.27;2024;7;4;4;3;-0.5;-0.866025404;-0.433883739;-0.900968868;PREMIUM;0;1;0;9;
4/07/2024;TOYOTA HILUX;BRACKETS;1;21.19;21.19;2024;7;4;4;3;-0.5;-0.866025404;-0.433883739;-0.900968868;ECONOMICO;0;1;0;78;
4/07/2024;FC;FUSIBLE 10A;1;16.95;16.95;2024;7;4;4;3;-0.5;-0.866025404;-0.433883739;-0.900968868;ECONOMICO;0;1;0;7;
5/07/2024;TMO;TERMINALES;1;8.47;8.47;2024;7;5;5;3;-0.5;-0.866025404;-0.974927912;-0.222520934;ECONOMICO;0;1;0;1;
5/07/2024;TMH;TERMINALES;1;8.47;8.47;2024;7;5;5;3;-0.5;-0.866025404;-0.974927912;-0.222520934;ECONOMICO;0;1;0;1;
5/07/2024;NARVA;LAGRIMA 12V;1;12.71;12.71;2024;7;5;5;3;-0.5;-0.866025404;-0.974927912;-0.222520934;ECONOMICO;0;1;0;15;
5/07/2024;NARVA;LAGRIMA;1;13.56;13.56;2024;7;5;5;3;-0.5;-0.866025404;-0.974927912;-0.222520934;ECONOMICO;0;1;0;15;
5/07/2024;CB;CABLE 18;10;0.85;8.5;2024;7;5;5;3;-0.5;-0.866025404;-0.974927912;-0.222520934;ECONOMICO;0;1;0;8;
6/07/2024;CB;CABLE 16;20;1.19;23.8;2024;7;6;6;3;-0.5;-0.866025404;-0.781831482;0.623489802;ECONOMICO;1;0;0;8;
6/07/2024;CB;CABLE 14;20;1.36;27.2;2024;7;6;6;3;-0.5;-0.866025404;-0.781831482;0.623489802;ECONOMICO;1;0;0;8;
6/07/2024;TOYOTA 2KD;PARACHOQUE DELANTERO;1;169.49;169.49;2024;7;6;6;3;-0.5;-0.866025404;-0.781831482;0.623489802;ALTO;1;0;0;7;
6/07/2024;TOYOTA 2KD;FARO DELANTERO;2;127.12;254.24;2024;7;6;6;3;-0.5;-0.866025404;-0.781831482;0.623489802;MEDIO;1;0;0;7;
6/07/2024;TOYOTA 2KD;CAPOT;1;220.34;220.34;2024;7;6;6;3;-0.5;-0.866025404;-0.781831482;0.623489802;ALTO;1;0;0;7;
6/07/2024;TOYOTA 2KD;MASCARA;1;211.86;211.86;2024;7;6;6;3;-0.5;-0.866025404;-0.781831482;0.623489802;ALTO;1;0;0;7;
6/07/2024;TOYOTA 2KD;GUARDAFANGOS;2;50.85;101.7;2024;7;6;6;3;-0.5;-0.866025404;-0.781831482;0.623489802;MEDIO;1;0;0;7;
6/07/2024;TOYOTA 2KD;BRACKET;2;29.66;59.32;2024;7;6;6;3;-0.5;-0.866025404;-0.781831482;0.623489802;ECONOMICO;1;0;0;7;
6/07/2024;TOYOTA 2KD;KIT DE NEBLINERO;1;127.12;127.12;2024;7;6;6;3;-0.5;-0.866025404;-0.781831482;0.623489802;MEDIO;1;0;0;7;
6/07/2024;CHEVROLET SAIL;FARO POSTERIOR;1;228.81;228.81;2024;7;6;6;3;-0.5;-0.866025404;-0.781831482;0.623489802;ALTO;1;0;0;12;
6/07/2024;TOYOTA HILUX;MANIJA;1;63.56;63.56;2024;7;6;6;3;-0.5;-0.866025404;-0.781831482;0.623489802;MEDIO;1;0;0;78;
7/07/2024;TOYOTA YARIS;CAPOT;1;271.19;271.19;2024;7;7;0;3;-0.5;-0.866025404;0;1;ALTO;1;0;0;36;
8/07/2024;TOYOTA YARIS;FARO DELANTERO;2;279.66;559.32;2024;7;8;1;3;-0.5;-0.866025404;0.781831482;0.623489802;ALTO;0;0;0;36;
9/07/2024;TOYOTA YARIS;PARACHOQUE DELANTERO;1;203.39;203.39;2024;7;9;2;3;-0.5;-0.866025404;0.974927912;-0.222520934;ALTO;0;0;0;36;
10/07/2024;TOYOTA YARIS;GUARDA FANGO;2;93.22;186.44;2024;7;10;3;3;-0.5;-0.866025404;0.433883739;-0.900968868;MEDIO;0;0;0;36;
11/07/2024;TOYOTA YARIS;MANDIL DE LLANTA;2;29.66;59.32;2024;7;11;4;3;-0.5;-0.866025404;-0.433883739;-0.900968868;ECONOMICO;0;0;0;36;
11/07/2024;TOYOTA YARIS;MANDIL DE MOTOR;1;76.27;76.27;2024;7;11;4;3;-0.5;-0.866025404;-0.433883739;-0.900968868;MEDIO;0;0;0;36;
11/07/2024;TOYOTA YARIS;PORTA FILTRO;1;101.69;101.69;2024;7;11;4;3;-0.5;-0.866025404;-0.433883739;-0.900968868;MEDIO;0;0;0;36;
11/07/2024;SX4;FARO DELANTERO;1;169.49;169.49;2024;7;11;4;3;-0.5;-0.866025404;-0.433883739;-0.900968868;ALTO;0;0;0;2;
11/07/2024;KV;FARO REDONDO;1;46.61;46.61;2024;7;11;4;3;-0.5;-0.866025404;-0.433883739;-0.900968868;ECONOMICO;0;0;0;2;
11/07/2024;KV;SIRENA DE RETROCESO;1;12.71;12.71;2024;7;11;4;3;-0.5;-0.866025404;-0.433883739;-0.900968868;ECONOMICO;0;0;0;2;
11/07/2024;LP;LUZ DE PLACA;1;12.71;12.71;2024;7;11;4;3;-0.5;-0.866025404;-0.433883739;-0.900968868;ECONOMICO;0;0;0;1;
11/07/2024;FD;FOCO NARVA;4;2.54;10.16;2024;7;11;4;3;-0.5;-0.866025404;-0.433883739;-0.900968868;ECONOMICO;0;0;0;9;
11/07/2024;FD;LAGRIMA FLOSER;6;1.69;10.14;2024;7;11;4;3;-0.5;-0.866025404;-0.433883739;-0.900968868;ECONOMICO;0;0;0;9;
11/07/2024;FD;FUSIBLE;6;0.42;2.52;2024;7;11;4;3;-0.5;-0.866025404;-0.433883739;-0.900968868;ECONOMICO;0;0;0;9;
11/07/2024;GRACE;FAROS Y DIRECCIONAL;1;381.36;381.36;2024;7;11;4;3;-0.5;-0.866025404;-0.433883739;-0.900968868;ALTO;0;0;0;1;
11/07/2024;KIA SPORTAGUE;COMPLEMENTO DE PARA CHOQUE;1;127.12;127.12;2024;7;11;4;3;-0.5;-0.866025404;-0.433883739;-0.900968868;MEDIO;0;0;0;2;
11/07/2024;KIA SPORTAGUE;GUIA POSTERIOR;1;42.37;42.37;2024;7;11;4;3;-0.5;-0.866025404;-0.433883739;-0.900968868;ECONOMICO;0;0;0;2;
11/07/2024;FP;FARO PIRATA LED;12;33.9;406.8;2024;7;11;4;3;-0.5;-0.866025404;-0.433883739;-0.900968868;ECONOMICO;0;0;0;2;
11/07/2024;TOYOTA COROLLA;CAPOT;1;313.56;313.56;2024;7;11;4;3;-0.5;-0.866025404;-0.433883739;-0.900968868;ALTO;0;0;0;66;
11/07/2024;TOYOTA COROLLA;VISAGRAS;1;33.9;33.9;2024;7;11;4;3;-0.5;-0.866025404;-0.433883739;-0.900968868;ECONOMICO;0;0;0;66;
12/07/2024;TOYOTA COROLLA;FOCOS;1;33.9;33.9;2024;7;12;5;3;-0.5;-0.866025404;-0.974927912;-0.222520934;ECONOMICO;0;0;0;66;
13/07/2024;TOYOTA COROLLA;SOCATE;1;8.47;8.47;2024;7;13;6;3;-0.5;-0.866025404;-0.781831482;0.623489802;ECONOMICO;1;0;0;66;
14/07/2024;TOYOTA COROLLA;GUARDAFANGO;1;101.31;101.31;2024;7;14;0;3;-0.5;-0.866025404;0;1;MEDIO;1;0;0;66;
15/07/2024;TOYOTA COROLLA;PARACHOQUE DELANTERO;1;101.31;101.31;2024;7;15;1;3;-0.5;-0.866025404;0.781831482;0.623489802;MEDIO;0;0;0;66;
16/07/2024;TOYOTA COROLLA;MASCARA;1;33.9;33.9;2024;7;16;2;3;-0.5;-0.866025404;0.974927912;-0.222520934;ECONOMICO;0;0;0;66;
16/07/2024;TOYOTA COROLLA;FAROS;2;93.22;186.44;2024;7;16;2;3;-0.5;-0.866025404;0.974927912;-0.222520934;MEDIO;0;0;0;66;
17/07/2024;TOYOTA COROLLA;DIRECCIONALES;2;29.66;59.32;2024;7;17;3;3;-0.5;-0.866025404;0.433883739;-0.900968868;ECONOMICO;0;0;0;66;
18/07/2024;TOYOTA COROLLA;DIRECCIONAL DE PARACHOQUE;2;25.42;50.84;2024;7;18;4;3;-0.5;-0.866025404;-0.433883739;-0.900968868;ECONOMICO;0;0;0;66;
18/07/2024;TOYOTA COROLLA;DIRECCIONAL DE PARACHOQUE;2;25.42;50.84;2024;7;18;4;3;-0.5;-0.866025404;-0.433883739;-0.900968868;ECONOMICO;0;0;0;66;
18/07/2024;TOYOTA COROLLA;PARACHOQUE POSTERIOR;1;55.08;55.08;2024;7;18;4;3;-0.5;-0.866025404;-0.433883739;-0.900968868;MEDIO;0;0;0;66;
18/07/2024;HYUNDAI ACCENT;PARACHOQUE DELANTERO;1;135.59;135.59;2024;7;18;4;3;-0.5;-0.866025404;-0.433883739;-0.900968868;MEDIO;0;0;0;36;
18/07/2024;HYUNDAI ACCENT;MANDIL DE MOTOR;1;76.27;76.27;2024;7;18;4;3;-0.5;-0.866025404;-0.433883739;-0.900968868;MEDIO;0;0;0;36;
18/07/2024;HYUNDAI ACCENT;PROTECTOR DE RADIADOR;1;59.32;59.32;2024;7;18;4;3;-0.5;-0.866025404;-0.433883739;-0.900968868;MEDIO;0;0;0;36;
18/07/2024;HYUNDAI ACCENT;BRACKETS;1;16.95;16.95;2024;7;18;4;3;-0.5;-0.866025404;-0.433883739;-0.900968868;ECONOMICO;0;0;0;36;
19/07/2024;HYUNDAI ACCENT;TAPA DE NEBLINERO;1;21.19;21.19;2024;7;19;5;3;-0.5;-0.866025404;-0.974927912;-0.222520934;ECONOMICO;0;0;0;36;
20/07/2024;LD;FARO LATERAL;1;15.25;15.25;2024;7;20;6;3;-0.5;-0.866025404;-0.781831482;0.623489802;ECONOMICO;1;0;0;3;
21/07/2024;CB;CABLE Y FUNDA;1;67.8;67.8;2024;7;21;0;3;-0.5;-0.866025404;0;1;MEDIO;1;0;0;8;
22/07/2024;TOYOTA COROLLA;PARACHOQUEDELANTERO;1;372.88;372.88;2024;7;22;1;3;-0.5;-0.866025404;0.781831482;0.623489802;ALTO;0;0;0;66;
23/07/2024;TOYOTA COROLLA;PARACHOQUE POSTERIOR;1;55.08;55.08;2024;7;23;2;3;-0.5;-0.866025404;0.974927912;-0.222520934;MEDIO;0;0;0;66;
24/07/2024;TOYOTA COROLLA;FARO DELANTERO;1;50.85;50.85;2024;7;24;3;3;-0.5;-0.866025404;0.433883739;-0.900968868;MEDIO;0;0;0;66;
25/07/2024;TOYOTA HILUX;ACCESORIOS DE AUTO;1;677.97;677.97;2024;7;25;4;3;-0.5;-0.866025404;-0.433883739;-0.900968868;PREMIUM;0;0;1;78;
1/08/2024;NISSAN VERSA;FARO DELANTERO;2;169.49;338.98;2024;8;1;4;3;-0.866025404;-0.5;-0.433883739;-0.900968868;ALTO;0;1;0;18;
2/08/2024;TOYOTA COROLLA;FARO POSTERIOR;1;135.59;135.59;2024;8;2;5;3;-0.866025404;-0.5;-0.974927912;-0.222520934;MEDIO;0;1;0;66;
3/08/2024;TOYOTA TURING;FARO DELANTERO;2;50.85;101.7;2024;8;3;6;3;-0.866025404;-0.5;-0.781831482;0.623489802;MEDIO;1;1;0;10;
4/08/2024;TOYOTA TURING;CAPOT;1;254.24;254.24;2024;8;4;0;3;-0.866025404;-0.5;0;1;ALTO;1;1;0;10;
4/08/2024;TOYOTA TURING;DIRECCIONAL;2;16.95;33.9;2024;8;4;0;3;-0.866025404;-0.5;0;1;ECONOMICO;1;1;0;10;
4/08/2024;TOYOTA TURING;PARA CHOQUE;1;97.46;97.46;2024;8;4;0;3;-0.866025404;-0.5;0;1;MEDIO;1;1;0;10;
4/08/2024;TOYOTA TURING;GUARDA FANGO;2;93.22;186.44;2024;8;4;0;3;-0.866025404;-0.5;0;1;MEDIO;1;1;0;10;
4/08/2024;TOYOTA TURING;FARO POSTERIOR;2;33.9;67.8;2024;8;4;0;3;-0.866025404;-0.5;0;1;ECONOMICO;1;1;0;10;
4/08/2024;TOYOTA TURING;MASCARA NEBLINERO;1;88.98;88.98;2024;8;4;0;3;-0.866025404;-0.5;0;1;MEDIO;1;1;0;10;
4/08/2024;TOYOTA TURING;EMBLEMA;1;8.47;8.47;2024;8;4;0;3;-0.866025404;-0.5;0;1;ECONOMICO;1;1;0;10;
4/08/2024;TOYOTA TURING;MANDILES;2;16.95;33.9;2024;8;4;0;3;-0.866025404;-0.5;0;1;ECONOMICO;1;1;0;10;
4/08/2024;TOYOTA TURING;FARITO DE PARACHOQUE TAIWAN;2;21.19;42.38;2024;8;4;0;3;-0.866025404;-0.5;0;1;ECONOMICO;1;1;0;10;
6/08/2024;NISSAN LIBERO;CAPOT;1;372.88;372.88;2024;8;6;2;3;-0.866025404;-0.5;0.974927912;-0.222520934;ALTO;0;0;0;8;
6/08/2024;NISSAN LIBERO;GUARDAFANGO;1;144.07;144.07;2024;8;6;2;3;-0.866025404;-0.5;0.974927912;-0.222520934;MEDIO;0;0;0;8;
6/08/2024;NISSAN LIBERO;PARACHOQUE DELANTERO;1;118.64;118.64;2024;8;6;2;3;-0.866025404;-0.5;0.974927912;-0.222520934;MEDIO;0;0;0;8;
6/08/2024;NISSAN LIBERO;FARO DELANTERO;2;67.8;135.6;2024;8;6;2;3;-0.866025404;-0.5;0.974927912;-0.222520934;MEDIO;0;0;0;8;
6/08/2024;NISSAN LIBERO;DIRECCIONALES;2;38.14;76.28;2024;8;6;2;3;-0.866025404;-0.5;0.974927912;-0.222520934;ECONOMICO;0;0;0;8;
6/08/2024;NISSAN LIBERO;MASCARA;1;59.32;59.32;2024;8;6;2;3;-0.866025404;-0.5;0.974927912;-0.222520934;MEDIO;0;0;0;8;
7/08/2024;RD;RADIADOR;1;186.44;186.44;2024;8;7;3;3;-0.866025404;-0.5;0.433883739;-0.900968868;ALTO;0;0;0;4;
8/08/2024;NISSAN;FARO DELANTERO;2;101.69;203.38;2024;8;8;4;3;-0.866025404;-0.5;-0.433883739;-0.900968868;MEDIO;0;0;0;11;
9/08/2024;TOYOTA YARIS;PARACHOQUE DELANTERO;1;110.17;110.17;2024;8;9;5;3;-0.866025404;-0.5;-0.974927912;-0.222520934;MEDIO;0;0;0;36;
9/08/2024;TOYOTA YARIS;PARACHOQUE POSTERIOR;1;118.64;118.64;2024;8;9;5;3;-0.866025404;-0.5;-0.974927912;-0.222520934;MEDIO;0;0;0;36;
9/08/2024;TOYOTA YARIS;MANDIL;2;25.42;50.84;2024;8;9;5;3;-0.866025404;-0.5;-0.974927912;-0.222520934;ECONOMICO;0;0;0;36;
9/08/2024;TOYOTA YARIS;BRACKETS DELANTEROS;2;16.95;33.9;2024;8;9;5;3;-0.866025404;-0.5;-0.974927912;-0.222520934;ECONOMICO;0;0;0;36;
9/08/2024;TOYOTA YARIS;BRACKETS POSTERIORES;4;21.19;84.76;2024;8;9;5;3;-0.866025404;-0.5;-0.974927912;-0.222520934;ECONOMICO;0;0;0;36;
9/08/2024;TOYOTA YARIS;MASCARA;1;50.85;50.85;2024;8;9;5;3;-0.866025404;-0.5;-0.974927912;-0.222520934;MEDIO;0;0;0;36;
12/08/2024;TOYOTA YARIS;FARO DELANTERO;1;186.44;186.44;2024;8;12;1;3;-0.866025404;-0.5;0.781831482;0.623489802;ALTO;0;0;0;36;
12/08/2024;TOYOTA HILUX;CAPOT;1;423.73;423.73;2024;8;12;1;3;-0.866025404;-0.5;0.781831482;0.623489802;ALTO;0;0;0;78;
12/08/2024;TOYOTA HILUX;MASCARA;1;169.49;169.49;2024;8;12;1;3;-0.866025404;-0.5;0.781831482;0.623489802;ALTO;0;0;0;78;
12/08/2024;TOYOTA HILUX;FARO DELANTERO;1;279.19;279.19;2024;8;12;1;3;-0.866025404;-0.5;0.781831482;0.623489802;ALTO;0;0;0;78;
12/08/2024;TOYOTA HILUX;VISEL CROMADO;1;84.75;84.75;2024;8;12;1;3;-0.866025404;-0.5;0.781831482;0.623489802;MEDIO;0;0;0;78;
12/08/2024;TOYOTA HILUX;VISAGRA DE CAPOT;1;33.9;33.9;2024;8;12;1;3;-0.866025404;-0.5;0.781831482;0.623489802;ECONOMICO;0;0;0;78;
13/08/2024;NARVA;FOCO H4;1;10.17;10.17;2024;8;13;2;3;-0.866025404;-0.5;0.974927912;-0.222520934;ECONOMICO;0;0;0;15;
14/08/2024;NARVA;SOQUET;1;4.24;4.24;2024;8;14;3;3;-0.866025404;-0.5;0.433883739;-0.900968868;ECONOMICO;0;0;0;15;
15/08/2024;NARVA;FOCO H7;1;12.71;12.71;2024;8;15;4;3;-0.866025404;-0.5;-0.433883739;-0.900968868;ECONOMICO;0;0;0;15;
16/08/2024;MITSHUBISI L200;FARO POSTERIORE;2;169.49;338.98;2024;8;16;5;3;-0.866025404;-0.5;-0.974927912;-0.222520934;ALTO;0;0;0;11;
17/08/2024;TOYOTA TERCEL;PARACHOQUE DELANTERO;1;118.64;118.64;2024;8;17;6;3;-0.866025404;-0.5;-0.781831482;0.623489802;MEDIO;1;0;0;5;
17/08/2024;TOYOTA TERCEL;FARO DELANTERO;2;84.75;169.5;2024;8;17;6;3;-0.866025404;-0.5;-0.781831482;0.623489802;MEDIO;1;0;0;5;
17/08/2024;TOYOTA TERCEL;DIRECCIONALES;2;25.42;50.84;2024;8;17;6;3;-0.866025404;-0.5;-0.781831482;0.623489802;ECONOMICO;1;0;0;5;
17/08/2024;K2700;FARO POSTERIOR;1;59.32;59.32;2024;8;17;6;3;-0.866025404;-0.5;-0.781831482;0.623489802;MEDIO;1;0;0;4;
18/08/2024;TOYOTA FORTUNER;REGLA;1;250;250;2024;8;18;0;3;-0.866025404;-0.5;0;1;ALTO;1;0;0;1;
19/08/2024;SUZUKI GRAN VITARA;ESPEJOS;2;241.53;483.06;2024;8;19;1;3;-0.866025404;-0.5;0.781831482;0.623489802;ALTO;0;0;0;1;
20/08/2024;NISSAN SENTRA;ESPEJOS;2;42.37;84.74;2024;8;20;2;3;-0.866025404;-0.5;0.974927912;-0.222520934;ECONOMICO;0;0;0;41;
21/08/2024;NISSAN SENTRA;DIRECCIONAL;1;21.19;21.19;2024;8;21;3;3;-0.866025404;-0.5;0.433883739;-0.900968868;ECONOMICO;0;0;0;41;
22/08/2024;NISSAN SENTRA;PARACHOQUE DELANTERO;1;127.12;127.12;2024;8;22;4;3;-0.866025404;-0.5;-0.433883739;-0.900968868;MEDIO;0;0;0;41;
23/08/2024;HYUNDAI H1;PARACHQUE DELANTERO;1;169.49;169.49;2024;8;23;5;3;-0.866025404;-0.5;-0.974927912;-0.222520934;ALTO;0;0;0;12;
24/08/2024;SUZUKI APV;FARA DELANTERO;1;169.49;169.49;2024;8;24;6;3;-0.866025404;-0.5;-0.781831482;0.623489802;ALTO;1;0;0;3;
25/08/2024;SUZUKI APV;REJILLA DE PARA CHOQUE DELANTERO;1;101.69;101.69;2024;8;25;0;3;-0.866025404;-0.5;0;1;MEDIO;1;0;1;3;
26/08/2024;TOYOTA COROLLA;PARACHOQUE DELANTERO;1;135.59;135.59;2024;8;26;1;3;-0.866025404;-0.5;0.781831482;0.623489802;MEDIO;0;0;1;66;
26/08/2024;TOYOTA COROLLA;REJILLA;1;50.85;50.85;2024;8;26;1;3;-0.866025404;-0.5;0.781831482;0.623489802;MEDIO;0;0;1;66;
26/08/2024;TOYOTA COROLLA;GUARDAFANGO;1;118.64;118.64;2024;8;26;1;3;-0.866025404;-0.5;0.781831482;0.623489802;MEDIO;0;0;1;66;
26/08/2024;N300;FARO POSTERIOR;2;67.8;135.6;2024;8;26;1;3;-0.866025404;-0.5;0.781831482;0.623489802;MEDIO;0;0;1;16;
26/08/2024;NARVA;CAJA FOCO 2C;2;21.19;42.38;2024;8;26;1;3;-0.866025404;-0.5;0.781831482;0.623489802;ECONOMICO;0;0;1;15;
26/08/2024;NARVA;CAJA FOCO 1C;2;21.19;42.38;2024;8;26;1;3;-0.866025404;-0.5;0.781831482;0.623489802;ECONOMICO;0;0;1;15;
26/08/2024;NARVA;CAJA DE LAGRIMITAS;2;11.02;22.04;2024;8;26;1;3;-0.866025404;-0.5;0.781831482;0.623489802;ECONOMICO;0;0;1;15;
26/08/2024;NARVA;PAQUETE H7;1;220.34;220.34;2024;8;26;1;3;-0.866025404;-0.5;0.781831482;0.623489802;ALTO;0;0;1;15;
26/08/2024;NARVA;PAQUETE H4;1;135.59;135.59;2024;8;26;1;3;-0.866025404;-0.5;0.781831482;0.623489802;MEDIO;0;0;1;15;
26/08/2024;FL;FARO POSTERIOR;2;76.27;152.54;2024;8;26;1;3;-0.866025404;-0.5;0.781831482;0.623489802;MEDIO;0;0;1;3;
26/08/2024;BONGO;FARO DELANTERO;1;144.07;144.07;2024;8;26;1;3;-0.866025404;-0.5;0.781831482;0.623489802;MEDIO;0;0;1;1;
27/08/2024;NISSAN FIERRA;PARACHOQUE DELANTERO;1;110.17;110.17;2024;8;27;2;3;-0.866025404;-0.5;0.974927912;-0.222520934;MEDIO;0;0;1;2;
27/08/2024;NISSAN FIERRA;DIRECCIONALES;2;29.66;59.32;2024;8;27;2;3;-0.866025404;-0.5;0.974927912;-0.222520934;ECONOMICO;0;0;1;2;
27/08/2024;TOYOTA PROBOX;GUARDAFANGO;1;161.02;161.02;2024;8;27;2;3;-0.866025404;-0.5;0.974927912;-0.222520934;ALTO;0;0;1;22;
27/08/2024;TOYOTA PROBOX;REJILLA;1;50.85;50.85;2024;8;27;2;3;-0.866025404;-0.5;0.974927912;-0.222520934;MEDIO;0;0;1;22;
27/08/2024;TOYOTA PROBOX;VIGOTE;1;93.22;93.22;2024;8;27;2;3;-0.866025404;-0.5;0.974927912;-0.222520934;MEDIO;0;0;1;22;
27/08/2024;TOYOTA PROBOX;CACHITOS;1;38.14;38.14;2024;8;27;2;3;-0.866025404;-0.5;0.974927912;-0.222520934;ECONOMICO;0;0;1;22;
27/08/2024;TOYOTA PROBOX;FARO DELANTERO;2;135.59;271.18;2024;8;27;2;3;-0.866025404;-0.5;0.974927912;-0.222520934;MEDIO;0;0;1;22;
27/08/2024;TOYOTA PROBOX;MANDIL;1;25.42;25.42;2024;8;27;2;3;-0.866025404;-0.5;0.974927912;-0.222520934;ECONOMICO;0;0;1;22;
1/09/2024;HYUNDAI H100;FARO DELANTERO;1;118.64;118.64;2024;9;1;0;3;-1;-1.83772E-16;0;1;MEDIO;1;1;0;7;
2/09/2024;HYUNDAI H101;FARO POSTERIOR;1;55.08;55.08;2024;9;2;1;3;-1;-1.83772E-16;0.781831482;0.623489802;MEDIO;0;1;0;2;
3/09/2024;NARVA;FOCO H4;1;10.17;10.17;2024;9;3;2;3;-1;-1.83772E-16;0.974927912;-0.222520934;ECONOMICO;0;1;0;15;
4/09/2024;NARVA;FOCO 1CONTACTO;2;2.12;4.24;2024;9;4;3;3;-1;-1.83772E-16;0.433883739;-0.900968868;ECONOMICO;0;1;0;15;
5/09/2024;KIA RIO;PARACHOQUE DELANTERO;1;135.59;135.59;2024;9;5;4;3;-1;-1.83772E-16;-0.433883739;-0.900968868;MEDIO;0;1;0;57;
6/09/2024;CD;LATERALES DE CAMION;1;790.68;790.68;2024;9;6;5;3;-1;-1.83772E-16;-0.974927912;-0.222520934;PREMIUM;0;0;0;1;
7/09/2024;RIO;PARACHOQUE DELANTERO;1;135.59;135.59;2024;9;7;6;3;-1;-1.83772E-16;-0.781831482;0.623489802;MEDIO;1;0;0;1;
8/09/2024;HYUNDAI EXCEL;FARO DELANTERO;1;67.8;67.8;2024;9;8;0;3;-1;-1.83772E-16;0;1;MEDIO;1;0;0;4;
8/09/2024;HYUNDAI EXCEL;DIRECCIONALES;2;21.19;42.38;2024;9;8;0;3;-1;-1.83772E-16;0;1;ECONOMICO;1;0;0;4;
8/09/2024;HYUNDAI EXCEL;MÁSCARA;2;46.61;93.22;2024;9;8;0;3;-1;-1.83772E-16;0;1;ECONOMICO;1;0;0;4;
8/09/2024;HYUNDAI EXCEL;FARO POSTERIOR;2;72.03;144.06;2024;9;8;0;3;-1;-1.83772E-16;0;1;MEDIO;1;0;0;4;
8/09/2024;RD;RADIADOR;2;148.31;296.62;2024;9;8;0;3;-1;-1.83772E-16;0;1;MEDIO;1;0;0;4;
8/09/2024;N300;FARO POSTERIOR;1;46.61;46.61;2024;9;8;0;3;-1;-1.83772E-16;0;1;ECONOMICO;1;0;0;16;
8/09/2024;NARVA;FOCOS;1;4.24;4.24;2024;9;8;0;3;-1;-1.83772E-16;0;1;ECONOMICO;1;0;0;15;
8/09/2024;N300;DIRECCIONAL;2;29.66;59.32;2024;9;8;0;3;-1;-1.83772E-16;0;1;ECONOMICO;1;0;0;16;
8/09/2024;TOYOTA COROLLA;FARO POSTERIOR;1;105.93;105.93;2024;9;8;0;3;-1;-1.83772E-16;0;1;MEDIO;1;0;0;66;
8/09/2024;FC;FOCOS H4 LUPA;1;118.64;118.64;2024;9;8;0;3;-1;-1.83772E-16;0;1;MEDIO;1;0;0;7;
8/09/2024;TOYOTA;VENTILADOR;2;101.69;203.38;2024;9;8;0;3;-1;-1.83772E-16;0;1;MEDIO;1;0;0;4;
8/09/2024;N300;GUARDAFANGO;1;67.8;67.8;2024;9;8;0;3;-1;-1.83772E-16;0;1;MEDIO;1;0;0;16;
8/09/2024;N300;FARO POSTERIOR;1;42.37;42.37;2024;9;8;0;3;-1;-1.83772E-16;0;1;ECONOMICO;1;0;0;16;
8/09/2024;YARIS 2010;PARACHOQUE DELANTERO;1;110.17;110.17;2024;9;8;0;3;-1;-1.83772E-16;0;1;MEDIO;1;0;0;1;
11/09/2024;CHEVROLET AVEO;PARACHOQUE DELANTERO;1;135.59;135.59;2024;9;11;3;3;-1;-1.83772E-16;0.433883739;-0.900968868;MEDIO;0;0;0;10;
11/09/2024;CHEVROLET AVEO;GUARDAFANGO;2;101.69;203.38;2024;9;11;3;3;-1;-1.83772E-16;0.433883739;-0.900968868;MEDIO;0;0;0;10;
11/09/2024;CHEVROLET AVEO;CAPOT;1;322.03;322.03;2024;9;11;3;3;-1;-1.83772E-16;0.433883739;-0.900968868;ALTO;0;0;0;10;
11/09/2024;CHEVROLET AVEO;MÁSCARA;1;59.32;59.32;2024;9;11;3;3;-1;-1.83772E-16;0.433883739;-0.900968868;MEDIO;0;0;0;10;
11/09/2024;CHEVROLET AVEO;MANDIL;1;29.66;29.66;2024;9;11;3;3;-1;-1.83772E-16;0.433883739;-0.900968868;ECONOMICO;0;0;0;10;
11/09/2024;CHEVROLET AVEO;TAPA DE NEBLINERO CROMADO;1;25.42;25.42;2024;9;11;3;3;-1;-1.83772E-16;0.433883739;-0.900968868;ECONOMICO;0;0;0;10;
11/09/2024;CHEVROLET AVEO;REGLA CROMODA;1;42.37;42.37;2024;9;11;3;3;-1;-1.83772E-16;0.433883739;-0.900968868;ECONOMICO;0;0;0;10;
11/09/2024;N400;PARACHOQUE DELANTERO;1;169.49;169.49;2024;9;11;3;3;-1;-1.83772E-16;0.433883739;-0.900968868;ALTO;0;0;0;2;
12/09/2024;KIA RIO;RADIADOR;1;135.59;135.59;2024;9;12;4;3;-1;-1.83772E-16;-0.433883739;-0.900968868;MEDIO;0;0;0;57;
12/09/2024;KIA RIO;VENTILADOR;2;135.59;271.18;2024;9;12;4;3;-1;-1.83772E-16;-0.433883739;-0.900968868;MEDIO;0;0;0;57;
12/09/2024;KIA RIO;MANGUERA;2;12.71;25.42;2024;9;12;4;3;-1;-1.83772E-16;-0.433883739;-0.900968868;ECONOMICO;0;0;0;57;
12/09/2024;KIA RIO;REFRIGERANTE;2;29.66;59.32;2024;9;12;4;3;-1;-1.83772E-16;-0.433883739;-0.900968868;ECONOMICO;0;0;0;57;
12/09/2024;KIA RIO;SOPORTE DE RADIADOR;2;12.71;25.42;2024;9;12;4;3;-1;-1.83772E-16;-0.433883739;-0.900968868;ECONOMICO;0;0;0;57;
14/09/2024;KIA CERATO;FARO DELANTERO;1;360.17;360.17;2024;9;14;6;3;-1;-1.83772E-16;-0.781831482;0.623489802;ALTO;1;0;0;19;
14/09/2024;KIA CERATO;CHAPA;1;127.12;127.12;2024;9;14;6;3;-1;-1.83772E-16;-0.781831482;0.623489802;MEDIO;1;0;0;19;
14/09/2024;KIA CERATO;PORTA FILTRO;2;118.64;237.28;2024;9;14;6;3;-1;-1.83772E-16;-0.781831482;0.623489802;MEDIO;1;0;0;19;
14/09/2024;KIA CERATO;PORTA CHAPA;1;110.17;110.17;2024;9;14;6;3;-1;-1.83772E-16;-0.781831482;0.623489802;MEDIO;1;0;0;19;
14/09/2024;KIA CERATO;REJILLA DE PARABRISA;1;296.61;296.61;2024;9;14;6;3;-1;-1.83772E-16;-0.781831482;0.623489802;ALTO;1;0;0;19;
14/09/2024;KIA CERATO;TANQUE DE PARABRISA;2;135.59;271.18;2024;9;14;6;3;-1;-1.83772E-16;-0.781831482;0.623489802;MEDIO;1;0;0;19;
14/09/2024;KIA CERATO;MANDILES DE LLANTA;1;33.9;33.9;2024;9;14;6;3;-1;-1.83772E-16;-0.781831482;0.623489802;ECONOMICO;1;0;0;19;
14/09/2024;KIA CERATO;MANDIL DE MOTOR;1;84.75;84.75;2024;9;14;6;3;-1;-1.83772E-16;-0.781831482;0.623489802;MEDIO;1;0;0;19;
14/09/2024;KIA CERATO;BASE;1;144.07;144.07;2024;9;14;6;3;-1;-1.83772E-16;-0.781831482;0.623489802;MEDIO;1;0;0;19;
14/09/2024;KIA CERATO;RESONADOR;1;118.64;118.64;2024;9;14;6;3;-1;-1.83772E-16;-0.781831482;0.623489802;MEDIO;1;0;0;19;
14/09/2024;KIA CERATO;KIT DE NEBLINERO;2;211.86;423.72;2024;9;14;6;3;-1;-1.83772E-16;-0.781831482;0.623489802;ALTO;1;0;0;19;
14/09/2024;KIA CERATO;PARACHOQUE DELANTERO;1;211.86;211.86;2024;9;14;6;3;-1;-1.83772E-16;-0.781831482;0.623489802;ALTO;1;0;0;19;
14/09/2024;KIA CERATO;RADIADOR;1;161.02;161.02;2024;9;14;6;3;-1;-1.83772E-16;-0.781831482;0.623489802;ALTO;1;0;0;19;
14/09/2024;KIA CERATO;VENTILADOR;1;165.25;165.25;2024;9;14;6;3;-1;-1.83772E-16;-0.781831482;0.623489802;ALTO;1;0;0;19;
14/09/2024;KIA CERATO;FRONTAL;1;237.29;237.29;2024;9;14;6;3;-1;-1.83772E-16;-0.781831482;0.623489802;ALTO;1;0;0;19;
14/09/2024;KIA CERATO;MANGUERA;1;29.66;29.66;2024;9;14;6;3;-1;-1.83772E-16;-0.781831482;0.623489802;ECONOMICO;1;0;0;19;
14/09/2024;KIA CERATO;CAPOT;1;338.98;338.98;2024;9;14;6;3;-1;-1.83772E-16;-0.781831482;0.623489802;ALTO;1;0;0;19;
14/09/2024;KIA CERATO;SOPORTE;1;135.59;135.59;2024;9;14;6;3;-1;-1.83772E-16;-0.781831482;0.623489802;MEDIO;1;0;0;19;
14/09/2024;KIA CERATO;MÁSCARA;2;118.64;237.28;2024;9;14;6;3;-1;-1.83772E-16;-0.781831482;0.623489802;MEDIO;1;0;0;19;
15/09/2024;TOYOTA RUSH;FARO DELANTERO;2;550.85;1101.7;2024;9;15;0;3;-1;-1.83772E-16;0;1;PREMIUM;1;0;0;1;
16/09/2024;MITSHUBISI L200;FARO DELANTERO;2;21.19;42.38;2024;9;16;1;3;-1;-1.83772E-16;0.781831482;0.623489802;ECONOMICO;0;0;0;11;
16/09/2024;MITSHUBISI L201;FARO POSTERIORE;2;50.85;101.7;2024;9;16;1;3;-1;-1.83772E-16;0.781831482;0.623489802;MEDIO;0;0;0;2;
16/09/2024;MITSHUBISI L202;BASE DE FARO;1;16.95;16.95;2024;9;16;1;3;-1;-1.83772E-16;0.781831482;0.623489802;ECONOMICO;0;0;0;1;
16/09/2024;MITSHUBISI L203;DIRECCIONALES;1;33.9;33.9;2024;9;16;1;3;-1;-1.83772E-16;0.781831482;0.623489802;ECONOMICO;0;0;0;1;
16/09/2024;MITSHUBISI L204;FARITO DE PARACHOQUE;2;46.61;93.22;2024;9;16;1;3;-1;-1.83772E-16;0.781831482;0.623489802;ECONOMICO;0;0;0;1;
17/09/2024;TOYOTA COROLLA;PARA CHOQUE DELANTERO;1;101.69;101.69;2024;9;17;2;3;-1;-1.83772E-16;0.974927912;-0.222520934;MEDIO;0;0;0;66;
17/09/2024;TOYOTA COROLLA;FARO DELANTERO;1;55.08;55.08;2024;9;17;2;3;-1;-1.83772E-16;0.974927912;-0.222520934;MEDIO;0;0;0;66;
17/09/2024;TOYOTA COROLLA;DIRECCIONAL;2;19.07;38.14;2024;9;17;2;3;-1;-1.83772E-16;0.974927912;-0.222520934;ECONOMICO;0;0;0;66;
17/09/2024;TOYOTA COROLLA;FARITO DE PARA CHOQUE;1;12.71;12.71;2024;9;17;2;3;-1;-1.83772E-16;0.974927912;-0.222520934;ECONOMICO;0;0;0;66;
18/09/2024;NISSAN B16;DIRECCIONAL;1;29.66;29.66;2024;9;18;3;3;-1;-1.83772E-16;0.433883739;-0.900968868;ECONOMICO;0;0;0;8;
19/09/2024;HYUNDAI STAREX;PARACHOQUE DELANTERO;1;135.59;135.59;2024;9;19;4;3;-1;-1.83772E-16;-0.433883739;-0.900968868;MEDIO;0;0;0;8;
19/09/2024;HYUNDAI STAREX;FARO DELANTERO;1;101.69;101.69;2024;9;19;4;3;-1;-1.83772E-16;-0.433883739;-0.900968868;MEDIO;0;0;0;8;
19/09/2024;HYUNDAI STAREX;DIRECCIONALES;2;33.9;67.8;2024;9;19;4;3;-1;-1.83772E-16;-0.433883739;-0.900968868;ECONOMICO;0;0;0;8;
19/09/2024;HYUNDAI STAREX;PARACHOQUE POSTERIOR;1;211.86;211.86;2024;9;19;4;3;-1;-1.83772E-16;-0.433883739;-0.900968868;ALTO;0;0;0;8;
19/09/2024;HYUNDAI STAREX;FARO POSTERIORE;1;59.32;59.32;2024;9;19;4;3;-1;-1.83772E-16;-0.433883739;-0.900968868;MEDIO;0;0;0;8;
19/09/2024;HYUNDAI STAREX;MANIJAS;1;21.19;21.19;2024;9;19;4;3;-1;-1.83772E-16;-0.433883739;-0.900968868;ECONOMICO;0;0;0;8;
20/09/2024;MITSHUBISI L200;FARO POSTERIORE;1;110.07;110.07;2024;9;20;5;3;-1;-1.83772E-16;-0.974927912;-0.222520934;MEDIO;0;0;0;11;
21/09/2024;SW;GUARDAFANGO;1;101.69;101.69;2024;9;21;6;3;-1;-1.83772E-16;-0.781831482;0.623489802;MEDIO;1;0;0;1;
22/09/2024;NISSAN TIDA;PARACHOQUE DELANTERO;1;169.49;169.49;2024;9;22;0;3;-1;-1.83772E-16;0;1;ALTO;1;0;0;14;
23/09/2024;NISSAN TIDA;MANDIL DE LLANTA;1;38.14;38.14;2024;9;23;1;3;-1;-1.83772E-16;0.781831482;0.623489802;ECONOMICO;0;0;0;14;
24/09/2024;FP;FARO POSTERIOR;2;16.94;33.88;2024;9;24;2;3;-1;-1.83772E-16;0.974927912;-0.222520934;ECONOMICO;0;0;0;2;
25/09/2024;FL;FARITOS LATERALES;2;11.02;22.04;2024;9;25;3;3;-1;-1.83772E-16;0.433883739;-0.900968868;ECONOMICO;0;0;1;3;
26/09/2024;S;SUIT LEVANTA LUNA;2;8.47;16.94;2024;9;26;4;3;-1;-1.83772E-16;-0.433883739;-0.900968868;ECONOMICO;0;0;1;1;
27/09/2024;CHEVROLET AVEO;FARO DELANTERO Y CAPOT;2;805.08;1610.16;2024;9;27;5;3;-1;-1.83772E-16;-0.974927912;-0.222520934;PREMIUM;0;0;1;10;
28/09/2024;NISSAN AD;PARACHOQUE DELANTERO;1;177.97;177.97;2024;9;28;6;3;-1;-1.83772E-16;-0.781831482;0.623489802;ALTO;1;0;1;40;
28/09/2024;NISSAN AD;FARO DELANTERO;1;33.9;33.9;2024;9;28;6;3;-1;-1.83772E-16;-0.781831482;0.623489802;ECONOMICO;1;0;1;40;
28/09/2024;NISSAN AD;INTERMITENTES;2;29.66;59.32;2024;9;28;6;3;-1;-1.83772E-16;-0.781831482;0.623489802;ECONOMICO;1;0;1;40;
28/09/2024;NISSAN AD;FARO POSTERIORE;1;29.66;29.66;2024;9;28;6;3;-1;-1.83772E-16;-0.781831482;0.623489802;ECONOMICO;1;0;1;40;
28/09/2024;NISSAN AD;PARACHOQUE POSTERIOR;1;177.97;177.97;2024;9;28;6;3;-1;-1.83772E-16;-0.781831482;0.623489802;ALTO;1;0;1;40;
28/09/2024;NISSAN AD;PLUMILLAS;2;16.95;33.9;2024;9;28;6;3;-1;-1.83772E-16;-0.781831482;0.623489802;ECONOMICO;1;0;1;40;
1/10/2024;GRAND 110;FRONTAL;1;220.34;220.34;2024;10;1;2;4;-0.866025404;0.5;0.974927912;-0.222520934;ALTO;0;1;0;1;
2/10/2024;KIA RIO;PARACHOQUE DELANTERO;1;194.92;194.92;2024;10;2;3;4;-0.866025404;0.5;0.433883739;-0.900968868;ALTO;0;1;0;57;
3/10/2024;KIA RIO;PARACHOQUE POSTERIOR;1;203.39;203.39;2024;10;3;4;4;-0.866025404;0.5;-0.433883739;-0.900968868;ALTO;0;1;0;57;
4/10/2024;KIA RIO;BRACKETS;1;50.85;50.85;2024;10;4;5;4;-0.866025404;0.5;-0.974927912;-0.222520934;MEDIO;0;1;0;57;
5/10/2024;TOYOTA YARIS;MANDIL DE MOTOR;1;72.03;72.03;2024;10;5;6;4;-0.866025404;0.5;-0.781831482;0.623489802;MEDIO;1;1;0;36;
6/10/2024;HYUNDAI H100;FARO DELANTERO;2;110.17;220.34;2024;10;6;0;4;-0.866025404;0.5;0;1;MEDIO;1;0;0;7;
7/10/2024;HYUNDAI H100;PARACHOQUE DELANTERO;1;135.59;135.59;2024;10;7;1;4;-0.866025404;0.5;0.781831482;0.623489802;MEDIO;0;0;0;7;
8/10/2024;HYUNDAI H100;FARO POSTERIOR;2;50.85;101.7;2024;10;8;2;4;-0.866025404;0.5;0.974927912;-0.222520934;MEDIO;0;0;0;7;
9/10/2024;JAC;AMORTIGUADOR DELANTERO MONROY;2;203.39;406.78;2024;10;9;3;4;-0.866025404;0.5;0.433883739;-0.900968868;ALTO;0;0;0;1;
10/10/2024;HYUNDAI H100;REPUESTOS PARA CARROS;1;423.73;423.73;2024;10;10;4;4;-0.866025404;0.5;-0.433883739;-0.900968868;ALTO;0;0;0;7;
11/10/2024;N300;PARACHOQUE DELANTERO;1;110.17;110.17;2024;10;11;5;4;-0.866025404;0.5;-0.974927912;-0.222520934;MEDIO;0;0;0;16;
12/10/2024;CHEVROLET AVEO;RADIADOR;1;211.86;211.86;2024;10;12;6;4;-0.866025404;0.5;-0.781831482;0.623489802;ALTO;1;0;0;10;
13/10/2024;NISSAN VERSA;FARO DELANTERO;2;177.97;355.94;2024;10;13;0;4;-0.866025404;0.5;0;1;ALTO;1;0;0;18;
14/10/2024;NISSAN VERSA;MÁSCARA;1;152.54;152.54;2024;10;14;1;4;-0.866025404;0.5;0.781831482;0.623489802;ALTO;0;0;0;18;
15/10/2024;CHEVROLET AVEO;PARACHOQUE DELANTERO;1;101.69;101.69;2024;10;15;2;4;-0.866025404;0.5;0.974927912;-0.222520934;MEDIO;0;0;0;10;
16/10/2024;NISSAN VERSA;FARO DELANTERO;1;144.07;144.07;2024;10;16;3;4;-0.866025404;0.5;0.433883739;-0.900968868;MEDIO;0;0;0;18;
17/10/2024;NISSAN TIDA;PARACHOQUE DELANTERO;1;161.02;161.02;2024;10;17;4;4;-0.866025404;0.5;-0.433883739;-0.900968868;ALTO;0;0;0;14;
18/10/2024;NISSAN TIDA;PARACHOQUE DELANTERO;1;161.02;161.02;2024;10;18;5;4;-0.866025404;0.5;-0.974927912;-0.222520934;ALTO;0;0;0;14;
19/10/2024;N200;FARO POSTERIOR;1;76.27;76.27;2024;10;19;6;4;-0.866025404;0.5;-0.781831482;0.623489802;MEDIO;1;0;0;1;
24/10/2024;NISSAN SENTRA;PARACHOQUE DELANTERO;2;67.8;135.6;2024;10;24;4;4;-0.866025404;0.5;-0.433883739;-0.900968868;MEDIO;0;0;0;41;
24/10/2024;NISSAN SENTRA;FARO DELANTERO;4;55.08;220.32;2024;10;24;4;4;-0.866025404;0.5;-0.433883739;-0.900968868;MEDIO;0;0;0;41;
25/10/2024;SX4;FARO DELANTERO;2;169.49;338.98;2024;10;25;5;4;-0.866025404;0.5;-0.974927912;-0.222520934;ALTO;0;0;1;2;
26/10/2024;TOYOTA;NEBLINEROS;1;84.75;84.75;2024;10;26;6;4;-0.866025404;0.5;-0.781831482;0.623489802;MEDIO;1;0;1;4;
27/10/2024;KIA RIO;RADIADOR;1;169.49;169.49;2024;10;27;0;4;-0.866025404;0.5;0;1;ALTO;1;0;1;57;
3/11/2024;NISSAN SENTRA;FAROS Y PARACHOQUES;1;296.61;296.61;2024;11;3;0;4;-0.5;0.866025404;0;1;ALTO;1;1;0;41;
3/11/2024;NISSAN SENTRA;FAROS;1;101.69;101.69;2024;11;3;0;4;-0.5;0.866025404;0;1;MEDIO;1;1;0;41;
3/11/2024;NISSAN SENTRA;PARACHOQUE POSTERIOR;1;76.27;76.27;2024;11;3;0;4;-0.5;0.866025404;0;1;MEDIO;1;1;0;41;
3/11/2024;NISSAN SENTRA;VIGOTE;1;33.9;33.9;2024;11;3;0;4;-0.5;0.866025404;0;1;ECONOMICO;1;1;0;41;
3/11/2024;NISSAN SENTRA;DIRECCIONAL;1;33.9;33.9;2024;11;3;0;4;-0.5;0.866025404;0;1;ECONOMICO;1;1;0;41;
4/11/2024;HYUNDAY;PARACHOQUE DELANTERO;1;161.02;161.02;2024;11;4;1;4;-0.5;0.866025404;0.781831482;0.623489802;ALTO;0;1;0;7;
4/11/2024;HYUNDAY;FAROS DELANTERO;1;305.08;305.08;2024;11;4;1;4;-0.5;0.866025404;0.781831482;0.623489802;ALTO;0;1;0;7;
4/11/2024;HYUNDAY;FARO DELANTERO;1;305.08;305.08;2024;11;4;1;4;-0.5;0.866025404;0.781831482;0.623489802;ALTO;0;1;0;7;
4/11/2024;HYUNDAY;MÁSCARA;1;144.07;144.07;2024;11;4;1;4;-0.5;0.866025404;0.781831482;0.623489802;MEDIO;0;1;0;7;
5/11/2024;URBAN;FARO DELANTERO;1;296.61;296.61;2024;11;5;2;4;-0.5;0.866025404;0.974927912;-0.222520934;ALTO;0;1;0;1;
6/11/2024;KIA RIO;RADIDOR;1;135.59;135.59;2024;11;6;3;4;-0.5;0.866025404;0.433883739;-0.900968868;MEDIO;0;0;0;57;
7/11/2024;TOYOTA HILUX;FAROS;2;254.24;508.48;2024;11;7;4;4;-0.5;0.866025404;-0.433883739;-0.900968868;ALTO;0;0;0;78;
7/11/2024;TOYOTA HILUX;PARACHOQUE DELANTERO;1;338.98;338.98;2024;11;7;4;4;-0.5;0.866025404;-0.433883739;-0.900968868;ALTO;0;0;0;78;
7/11/2024;TOYOTA HILUX;MÁSCARA;1;220.34;220.34;2024;11;7;4;4;-0.5;0.866025404;-0.433883739;-0.900968868;ALTO;0;0;0;78;
7/11/2024;TOYOTA HILUX;EMBLEMAS;1;169.49;169.49;2024;11;7;4;4;-0.5;0.866025404;-0.433883739;-0.900968868;ALTO;0;0;0;78;
8/11/2024;TOYOTA PROBOX;FARO DELANTERO;1;144.07;144.07;2024;11;8;5;4;-0.5;0.866025404;-0.974927912;-0.222520934;MEDIO;0;0;0;22;
8/11/2024;TOYOTA PROBOX;PARACHOQUE POSTERIOR;1;76.27;76.27;2024;11;8;5;4;-0.5;0.866025404;-0.974927912;-0.222520934;MEDIO;0;0;0;22;
8/11/2024;NISSAN SENTRA;PARACHOQUE Y FAROS;1;288.14;288.14;2024;11;8;5;4;-0.5;0.866025404;-0.974927912;-0.222520934;ALTO;0;0;0;41;
8/11/2024;MITSHUBISI LIBERO;PARACHOQUE DELANTERO;1;110.17;110.17;2024;11;8;5;4;-0.5;0.866025404;-0.974927912;-0.222520934;MEDIO;0;0;0;3;
8/11/2024;MITSHUBISI LIBERO;DIRECCIONAL;1;21.19;21.19;2024;11;8;5;4;-0.5;0.866025404;-0.974927912;-0.222520934;ECONOMICO;0;0;0;3;
10/11/2024;TOYOTA COROLLA;PARACHOQUE;1;59.32;59.32;2024;11;10;0;4;-0.5;0.866025404;0;1;MEDIO;1;0;0;66;
10/11/2024;TOYOTA COROLLA;FARO DELANTERO;1;84.75;84.75;2024;11;10;0;4;-0.5;0.866025404;0;1;MEDIO;1;0;0;66;
10/11/2024;TOYOTA COROLLA;PARACHOQUE POSTERIOR;1;84.75;84.75;2024;11;10;0;4;-0.5;0.866025404;0;1;MEDIO;1;0;0;66;
10/11/2024;TOYOTA COROLLA;DIRECCIONALES;1;29.66;29.66;2024;11;10;0;4;-0.5;0.866025404;0;1;ECONOMICO;1;0;0;66;
10/11/2024;CHEVROLET SAIL;FARO;1;76.27;76.27;2024;11;10;0;4;-0.5;0.866025404;0;1;MEDIO;1;0;0;12;
11/11/2024;CUSTER;FARO DELANTERO;2;186.44;372.88;2024;11;11;1;4;-0.5;0.866025404;0.781831482;0.623489802;ALTO;0;0;0;4;
12/11/2024;CUSTER;FARO POSTERIOR;2;67.8;135.6;2024;11;12;2;4;-0.5;0.866025404;0.974927912;-0.222520934;MEDIO;0;0;0;4;
13/11/2024;NISSAN AD;PARACHOQUE DELANTERO;1;169.49;169.49;2024;11;13;3;4;-0.5;0.866025404;0.433883739;-0.900968868;ALTO;0;0;0;40;
13/11/2024;NISSAN AD;PARACHOQUE POSTERIOR;1;110.17;110.17;2024;11;13;3;4;-0.5;0.866025404;0.433883739;-0.900968868;MEDIO;0;0;0;40;
13/11/2024;NISSAN AD;DIRECCIONAL;1;21.19;21.19;2024;11;13;3;4;-0.5;0.866025404;0.433883739;-0.900968868;ECONOMICO;0;0;0;40;
13/11/2024;KIA SOLUTO;RADIADOR;1;245.76;245.76;2024;11;13;3;4;-0.5;0.866025404;0.433883739;-0.900968868;ALTO;0;0;0;10;
13/11/2024;NISSAN SENTRA;FARO DELANTERO;2;97.46;194.92;2024;11;13;3;4;-0.5;0.866025404;0.433883739;-0.900968868;MEDIO;0;0;0;41;
13/11/2024;NISSAN SENTRA;DIRECCIONALES;2;29.66;59.32;2024;11;13;3;4;-0.5;0.866025404;0.433883739;-0.900968868;ECONOMICO;0;0;0;41;
14/11/2024;NARVA;FOCO LED;1;101.69;101.69;2024;11;14;4;4;-0.5;0.866025404;-0.433883739;-0.900968868;MEDIO;0;0;0;15;
15/11/2024;SUZUKI;FARO POSTERIOR;2;161.02;322.04;2024;11;15;5;4;-0.5;0.866025404;-0.974927912;-0.222520934;ALTO;0;0;0;4;
16/11/2024;CHEVROLET SAIL;MANDIL DE LLANTA;2;29.66;59.32;2024;11;16;6;4;-0.5;0.866025404;-0.781831482;0.623489802;ECONOMICO;1;0;0;12;
25/11/2024;KIA RIO;REJILLA MAS BASE;1;84.75;84.75;2024;11;25;1;4;-0.5;0.866025404;0.781831482;0.623489802;MEDIO;0;0;1;57;
26/11/2024;KIA RIO;MANDILES;1;50.85;50.85;2024;11;26;2;4;-0.5;0.866025404;0.974927912;-0.222520934;MEDIO;0;0;1;57;
27/11/2024;KIA RIO;PARACHOQUE DELANTERO;1;135.59;135.59;2024;11;27;3;4;-0.5;0.866025404;0.433883739;-0.900968868;MEDIO;0;0;1;57;
28/11/2024;KIA RIO;MOTOR DE TANQUE;1;25.42;25.42;2024;11;28;4;4;-0.5;0.866025404;-0.433883739;-0.900968868;ECONOMICO;0;0;1;57;
29/11/2024;HD 75;DIRECCIONAL;2;42.37;84.74;2024;11;29;5;4;-0.5;0.866025404;-0.974927912;-0.222520934;ECONOMICO;0;0;1;1;
1/12/2024;NISSAN SENTRA;FAROS Y PARACHOQUES;1;296.61;296.61;2024;12;1;0;4;-2.4503E-16;1;0;1;ALTO;1;1;0;41;
2/12/2024;NISSAN SENTRA;FARO DELANTERO;1;101.69;101.69;2024;12;2;1;4;-2.4503E-16;1;0.781831482;0.623489802;MEDIO;0;1;0;41;
3/12/2024;NISSAN SENTRA;PARACHOQUE;1;76.27;76.27;2024;12;3;2;4;-2.4503E-16;1;0.974927912;-0.222520934;MEDIO;0;1;0;41;
4/12/2024;NISSAN SENTRA;VIGOTE;1;33.9;33.9;2024;12;4;3;4;-2.4503E-16;1;0.433883739;-0.900968868;ECONOMICO;0;1;0;41;
5/12/2024;NISSAN SENTRA;DIRECCIONAL;1;33.9;33.9;2024;12;5;4;4;-2.4503E-16;1;-0.433883739;-0.900968868;ECONOMICO;0;1;0;41;
6/12/2024;HYUNDAY;PARACHOQUE DELANTERO;1;161.02;161.02;2024;12;6;5;4;-2.4503E-16;1;-0.974927912;-0.222520934;ALTO;0;0;0;7;
6/12/2024;HYUNDAY;FARO DELANTERO;1;305.08;305.08;2024;12;6;5;4;-2.4503E-16;1;-0.974927912;-0.222520934;ALTO;0;0;0;7;
6/12/2024;HYUNDAY;MÁSCARA;1;144.07;144.07;2024;12;6;5;4;-2.4503E-16;1;-0.974927912;-0.222520934;MEDIO;0;0;0;7;
7/12/2024;NISSAN URBAN;FARO DELANTERO;1;296.61;296.61;2024;12;7;6;4;-2.4503E-16;1;-0.781831482;0.623489802;ALTO;1;0;0;1;
8/12/2024;KIA RIO;RADIDOR;1;135.59;135.59;2024;12;8;0;4;-2.4503E-16;1;0;1;MEDIO;1;0;0;57;
11/12/2024;TOYOTA HILUX;FAROS;2;254.24;508.48;2024;12;11;3;4;-2.4503E-16;1;0.433883739;-0.900968868;ALTO;0;0;0;78;
11/12/2024;TOYOTA HILUX;PARACHOQUE DELANTERO;1;338.98;338.98;2024;12;11;3;4;-2.4503E-16;1;0.433883739;-0.900968868;ALTO;0;0;0;78;
11/12/2024;TOYOTA HILUX;MÁSCARA;1;220.34;220.34;2024;12;11;3;4;-2.4503E-16;1;0.433883739;-0.900968868;ALTO;0;0;0;78;
11/12/2024;TOYOTA HILUX;EMBLEMAS;1;169.49;169.49;2024;12;11;3;4;-2.4503E-16;1;0.433883739;-0.900968868;ALTO;0;0;0;78;
15/12/2024;TOYOTA PROBOX;FAROS DELANTEROS;1;144.07;144.07;2024;12;15;0;4;-2.4503E-16;1;0;1;MEDIO;1;0;0;22;
15/12/2024;TOYOTA PROBOX;PARACHOQUE POSTERIOR;1;76.27;76.27;2024;12;15;0;4;-2.4503E-16;1;0;1;MEDIO;1;0;0;22;
17/12/2024;NISSAN SENTRA;PARACHOQUE Y FAROS;1;288.14;288.14;2024;12;17;2;4;-2.4503E-16;1;0.974927912;-0.222520934;ALTO;0;0;0;41;
18/12/2024;NISSAN LIBERO;PARACHOQUE DELANTERO;1;110.17;110.17;2024;12;18;3;4;-2.4503E-16;1;0.433883739;-0.900968868;MEDIO;0;0;0;8;
18/12/2024;NISSAN LIBERO;DIRECCIONAL;1;21.19;21.19;2024;12;18;3;4;-2.4503E-16;1;0.433883739;-0.900968868;ECONOMICO;0;0;0;8;
18/12/2024;TOYOTA COROLLA;PARACHOQUE DELANTERO;1;59.32;59.32;2024;12;18;3;4;-2.4503E-16;1;0.433883739;-0.900968868;MEDIO;0;0;0;66;
18/12/2024;TOYOTA COROLLA;FARO DELANTERO;1;84.75;84.75;2024;12;18;3;4;-2.4503E-16;1;0.433883739;-0.900968868;MEDIO;0;0;0;66;
18/12/2024;TOYOTA COROLLA;PARACHOQUE POSTERIOR;1;84.75;84.75;2024;12;18;3;4;-2.4503E-16;1;0.433883739;-0.900968868;MEDIO;0;0;0;66;
18/12/2024;TOYOTA COROLLA;DIRECCIONALES;1;29.66;29.66;2024;12;18;3;4;-2.4503E-16;1;0.433883739;-0.900968868;ECONOMICO;0;0;0;66;
20/12/2024;CHEVROLET SAIL;FARO POSTERIOR;1;76.27;76.27;2024;12;20;5;4;-2.4503E-16;1;-0.974927912;-0.222520934;MEDIO;0;0;0;12;
20/12/2024;CUSTER;FARO DELANTERO;2;186.44;372.88;2024;12;20;5;4;-2.4503E-16;1;-0.974927912;-0.222520934;ALTO;0;0;0;4;
20/12/2024;CUSTER;FARO POSTERIOR;2;67.8;135.6;2024;12;20;5;4;-2.4503E-16;1;-0.974927912;-0.222520934;MEDIO;0;0;0;4;
20/12/2024;NISSAN;PARACHOQUE DELANTERO;1;169.49;169.49;2024;12;20;5;4;-2.4503E-16;1;-0.974927912;-0.222520934;ALTO;0;0;0;11;
20/12/2024;NISSAN;PARACHOQUE POSTERIOR;1;110.17;110.17;2024;12;20;5;4;-2.4503E-16;1;-0.974927912;-0.222520934;MEDIO;0;0;0;11;
20/12/2024;NISSAN;DIRECCIONAL;1;21.19;21.19;2024;12;20;5;4;-2.4503E-16;1;-0.974927912;-0.222520934;ECONOMICO;0;0;0;11;
20/12/2024;KIA SSOLUTO;RADIADOR;1;245.76;245.76;2024;12;20;5;4;-2.4503E-16;1;-0.974927912;-0.222520934;ALTO;0;0;0;1;
4/01/2025;NISSAN VERSA;FARO POSTERIOR;2;93.22;186.44;2025;1;4;6;1;0.5;0.866025404;-0.781831482;0.623489802;MEDIO;1;1;0;18;
4/01/2025;NP300;FARO POSTERIOR;1;169.49;169.49;2025;1;4;6;1;0.5;0.866025404;-0.781831482;0.623489802;ALTO;1;1;0;1;
4/01/2025;RD;RADIADOR;1;211.86;211.86;2025;1;4;6;1;0.5;0.866025404;-0.781831482;0.623489802;ALTO;1;1;0;4;
4/01/2025;VT;BASE DE VENTILADOR;1;42.32;42.32;2025;1;4;6;1;0.5;0.866025404;-0.781831482;0.623489802;ECONOMICO;1;1;0;1;
4/01/2025;AVEO;FARO POSTERIOR;1;161.02;161.02;2025;1;4;6;1;0.5;0.866025404;-0.781831482;0.623489802;ALTO;1;1;0;2;
4/01/2025;CHEVY EVOLUTION;PARACHOQUE DELANTERO;1;161.02;161.02;2025;1;4;6;1;0.5;0.866025404;-0.781831482;0.623489802;ALTO;1;1;0;1;
7/01/2025;5L;PARACHOQUE DELANTERO;1;169.49;169.49;2025;1;7;2;1;0.5;0.866025404;0.974927912;-0.222520934;ALTO;0;0;0;7;
7/01/2025;5L;PARACHOQUE POSTERIOR;1;110.17;110.17;2025;1;7;2;1;0.5;0.866025404;0.974927912;-0.222520934;MEDIO;0;0;0;7;
7/01/2025;5L;FARO DELANTEROS;1;508.47;508.47;2025;1;7;2;1;0.5;0.866025404;0.974927912;-0.222520934;PREMIUM;0;0;0;7;
7/01/2025;5L;MÁSCARA;1;211.86;211.86;2025;1;7;2;1;0.5;0.866025404;0.974927912;-0.222520934;ALTO;0;0;0;7;
7/01/2025;5L;GUIAS DELANTEROS;1;50.85;50.85;2025;1;7;2;1;0.5;0.866025404;0.974927912;-0.222520934;MEDIO;0;0;0;7;
7/01/2025;5L;GUIAS POSTERIORES;1;46.61;46.61;2025;1;7;2;1;0.5;0.866025404;0.974927912;-0.222520934;ECONOMICO;0;0;0;7;
8/01/2025;MITSHUBISI L200;FARO DELANTERO;1;127.12;127.12;2025;1;8;3;1;0.5;0.866025404;0.433883739;-0.900968868;MEDIO;0;0;0;11;
9/01/2025;HYUNDAY GRAND I10 2017;PARACHOQUE DELANTERO;1;161.02;161.02;2025;1;9;4;1;0.5;0.866025404;-0.433883739;-0.900968868;ALTO;0;0;0;3;
9/01/2025;HYUNDAY GRAND I10 2017;REJILLA;1;110.17;110.17;2025;1;9;4;1;0.5;0.866025404;-0.433883739;-0.900968868;MEDIO;0;0;0;3;
9/01/2025;HYUNDAY GRAND I10 2017;RADIADOR;1;228.81;228.81;2025;1;9;4;1;0.5;0.866025404;-0.433883739;-0.900968868;ALTO;0;0;0;3;
9/01/2025;N300;FARO POSTERIOR;1;46.61;46.61;2025;1;9;4;1;0.5;0.866025404;-0.433883739;-0.900968868;ECONOMICO;0;0;0;16;
10/01/2025;HYUNDAI ACCENT;FARO DELANTERO;2;67.8;135.6;2025;1;10;5;1;0.5;0.866025404;-0.974927912;-0.222520934;MEDIO;0;0;0;36;
10/01/2025;HYUNDAI ACCENT;DIRECCIONAL;2;16.95;33.9;2025;1;10;5;1;0.5;0.866025404;-0.974927912;-0.222520934;ECONOMICO;0;0;0;36;
15/01/2025;KIA RIO;FARO POSTERIOR;2;152.54;305.08;2025;1;15;3;1;0.5;0.866025404;0.433883739;-0.900968868;ALTO;0;0;0;57;
15/01/2025;TOYOTA PROBOX;GUARDAFANGO;2;152.54;305.08;2025;1;15;3;1;0.5;0.866025404;0.433883739;-0.900968868;ALTO;0;0;0;22;
15/01/2025;TOYOTA PROBOX;REJILLA;1;50.85;50.85;2025;1;15;3;1;0.5;0.866025404;0.433883739;-0.900968868;MEDIO;0;0;0;22;
15/01/2025;TOYOTA PROBOX;CACHITO;1;16.95;16.95;2025;1;15;3;1;0.5;0.866025404;0.433883739;-0.900968868;ECONOMICO;0;0;0;22;
15/01/2025;TOYOTA PROBOX;FARO DELANTERO;2;135.59;271.18;2025;1;15;3;1;0.5;0.866025404;0.433883739;-0.900968868;MEDIO;0;0;0;22;
15/01/2025;DAMAS;FARO POSTERIOR;2;33.9;67.8;2025;1;15;3;1;0.5;0.866025404;0.433883739;-0.900968868;ECONOMICO;0;0;0;2;
16/01/2025;DAMAS;PARACHOQUE DELANTERO;1;101.69;101.69;2025;1;16;4;1;0.5;0.866025404;-0.433883739;-0.900968868;MEDIO;0;0;0;2;
16/01/2025;NISSAN TIDA;BRACKET POSTERIOR;1;135.59;135.59;2025;1;16;4;1;0.5;0.866025404;-0.433883739;-0.900968868;MEDIO;0;0;0;14;
16/01/2025;NISSAN TIDA;BRACKET POSTERIOR;1;42.37;42.37;2025;1;16;4;1;0.5;0.866025404;-0.433883739;-0.900968868;ECONOMICO;0;0;0;14;
16/01/2025;SUZUKI SWIT;MÁSCARA;1;118.64;118.64;2025;1;16;4;1;0.5;0.866025404;-0.433883739;-0.900968868;MEDIO;0;0;0;7;
16/01/2025;SUZUKI SWIT;MANDIL DELANTERO;2;38.14;76.28;2025;1;16;4;1;0.5;0.866025404;-0.433883739;-0.900968868;ECONOMICO;0;0;0;7;
16/01/2025;SUZUKI SWIT;MANDIL POSTERIOR;2;25.42;50.84;2025;1;16;4;1;0.5;0.866025404;-0.433883739;-0.900968868;ECONOMICO;0;0;0;7;
16/01/2025;HYUNDAI ELANTRA;RADIADOR;1;156.78;156.78;2025;1;16;4;1;0.5;0.866025404;-0.433883739;-0.900968868;ALTO;0;0;0;10;
16/01/2025;HYUNDAI ELANTRA;MANDIL LLANTA;1;55.08;55.08;2025;1;16;4;1;0.5;0.866025404;-0.433883739;-0.900968868;MEDIO;0;0;0;10;
16/01/2025;HYUNDAI ELANTRA;MANDIL DE MOTOR;1;101.69;101.69;2025;1;16;4;1;0.5;0.866025404;-0.433883739;-0.900968868;MEDIO;0;0;0;10;
17/01/2025;N300;PARACHOQUE DELANTERO;1;93.22;93.22;2025;1;17;5;1;0.5;0.866025404;-0.974927912;-0.222520934;MEDIO;0;0;0;16;
18/01/2025;MITSHUBISI LIBERO;PARACHOQUE DELANTERO;1;110.17;110.17;2025;1;18;6;1;0.5;0.866025404;-0.781831482;0.623489802;MEDIO;1;0;0;3;
18/01/2025;CHERRY TIGO PRO;PARACHOQUE;1;296.61;296.61;2025;1;18;6;1;0.5;0.866025404;-0.781831482;0.623489802;ALTO;1;0;0;2;
18/01/2025;CHERRY TIGO PRO;GUIA DE PARACHOQUE;1;67.8;67.8;2025;1;18;6;1;0.5;0.866025404;-0.781831482;0.623489802;MEDIO;1;0;0;2;
18/01/2025;TOYOTA HILUX;FARO DELANTERO;1;423.73;423.73;2025;1;18;6;1;0.5;0.866025404;-0.781831482;0.623489802;ALTO;1;0;0;78;
18/01/2025;SUZUKI CIAZ;PARACHOQUE DELANTERO;1;237.29;237.29;2025;1;18;6;1;0.5;0.866025404;-0.781831482;0.623489802;ALTO;1;0;0;2;
18/01/2025;SUZUKI CIAZ;FARO DELANTERO;1;322.03;322.03;2025;1;18;6;1;0.5;0.866025404;-0.781831482;0.623489802;ALTO;1;0;0;2;
18/01/2025;HYUNDAI ELANTRA;RADIADOR;1;177.97;177.97;2025;1;18;6;1;0.5;0.866025404;-0.781831482;0.623489802;ALTO;1;0;0;10;
18/01/2025;KIA SPORTAGE;CONDENSADOR;1;211.86;211.86;2025;1;18;6;1;0.5;0.866025404;-0.781831482;0.623489802;ALTO;1;0;0;1;
18/01/2025;SUZUKI;RADIADOR;1;228.81;228.81;2025;1;18;6;1;0.5;0.866025404;-0.781831482;0.623489802;ALTO;1;0;0;4;
20/01/2025;HYUNDAI ACCENT;PARACHOQUE DELANTERO;1;127.12;127.12;2025;1;20;1;1;0.5;0.866025404;0.781831482;0.623489802;MEDIO;0;0;0;36;
20/01/2025;HYUNDAI ACCENT;MÁSCARA;1;59.32;59.32;2025;1;20;1;1;0.5;0.866025404;0.781831482;0.623489802;MEDIO;0;0;0;36;
20/01/2025;HYUNDAI ACCENT;REJILLA;1;33.9;33.9;2025;1;20;1;1;0.5;0.866025404;0.781831482;0.623489802;ECONOMICO;0;0;0;36;
20/01/2025;HYUNDAI ACCENT;FARO DELANTERO;1;288.14;288.14;2025;1;20;1;1;0.5;0.866025404;0.781831482;0.623489802;ALTO;0;0;0;36;
20/01/2025;HYUNDAI ACCENT;DUCTO DE AIRE;1;101.69;101.69;2025;1;20;1;1;0.5;0.866025404;0.781831482;0.623489802;MEDIO;0;0;0;36;
20/01/2025;HYUNDAI ACCENT;RESONADOR;1;118.64;118.64;2025;1;20;1;1;0.5;0.866025404;0.781831482;0.623489802;MEDIO;0;0;0;36;
20/01/2025;HYUNDAI ACCENT;COBERTOR DE CHAPA;1;59.32;59.32;2025;1;20;1;1;0.5;0.866025404;0.781831482;0.623489802;MEDIO;0;0;0;36;
20/01/2025;HYUNDAI ACCENT;CONDENSADOR DE AIRE ACONDICIONADO;1;186.44;186.44;2025;1;20;1;1;0.5;0.866025404;0.781831482;0.623489802;ALTO;0;0;0;36;
21/01/2025;HILLUX REVO;FARO POSTERIOR;1;254.24;254.24;2025;1;21;2;1;0.5;0.866025404;0.974927912;-0.222520934;ALTO;0;0;0;1;
22/01/2025;TOYOTA COROLLA;MANDILES;1;80.51;80.51;2025;1;22;3;1;0.5;0.866025404;0.433883739;-0.900968868;MEDIO;0;0;0;66;
22/01/2025;NISSAN B14;FARO DELANTERO;2;110.17;220.34;2025;1;22;3;1;0.5;0.866025404;0.433883739;-0.900968868;MEDIO;0;0;0;3;
22/01/2025;NISSAN B15;DIRECCIONALES;2;29.66;59.32;2025;1;22;3;1;0.5;0.866025404;0.433883739;-0.900968868;ECONOMICO;0;0;0;2;
22/01/2025;TD;RADIADOR;1;127.12;127.12;2025;1;22;3;1;0.5;0.866025404;0.433883739;-0.900968868;MEDIO;0;0;0;1;
26/01/2025;HYUNDAI STAREX;FARO DELANTERO;2;93.22;186.44;2025;1;26;0;1;0.5;0.866025404;0;1;MEDIO;1;0;1;8;
26/01/2025;HYUNDAI STAREX;DIRECCIONAL;2;33.9;67.8;2025;1;26;0;1;0.5;0.866025404;0;1;ECONOMICO;1;0;1;8;
26/01/2025;NISSAN VERSA;FARO DELANTERO;1;169.49;169.49;2025;1;26;0;1;0.5;0.866025404;0;1;ALTO;1;0;1;18;
26/01/2025;NISSAN VERSA;PARACHOQUE DELANTERO;1;144.07;144.07;2025;1;26;0;1;0.5;0.866025404;0;1;MEDIO;1;0;1;18;
26/01/2025;NISSAN VERSA;MANDIL;1;118.64;118.64;2025;1;26;0;1;0.5;0.866025404;0;1;MEDIO;1;0;1;18;
31/01/2025;SUZUKI SWIT;FARO POSTERIOR;8;29.66;237.28;2025;1;31;5;1;0.5;0.866025404;-0.974927912;-0.222520934;ECONOMICO;0;0;1;7;
31/01/2025;SUZUKI SWIT;DIRECCIONAL;6;14.83;88.98;2025;1;31;5;1;0.5;0.866025404;-0.974927912;-0.222520934;ECONOMICO;0;0;1;7;
31/01/2025;SUZUKI SWIT;FARITO DE PARACHOQUE;6;11.86;71.16;2025;1;31;5;1;0.5;0.866025404;-0.974927912;-0.222520934;ECONOMICO;0;0;1;7;
31/01/2025;SUZUKI SWIT;ESPEJO DE COROLLA;3;72.03;216.09;2025;1;31;5;1;0.5;0.866025404;-0.974927912;-0.222520934;MEDIO;0;0;1;7;
1/02/2025;TOYOTA HILUX;PARACHOQUE POSTERIOR;1;254.24;254.24;2025;2;1;6;1;0.866025404;0.5;-0.781831482;0.623489802;ALTO;1;1;0;78;
2/02/2025;TOYOTA PROBOX;MANDILES DE LLANTA;2;25.42;50.84;2025;2;2;0;1;0.866025404;0.5;0;1;ECONOMICO;1;1;0;22;
3/02/2025;HYUNDAI ACCENT;FARO DELANTERO;1;203.39;203.39;2025;2;3;1;1;0.866025404;0.5;0.781831482;0.623489802;ALTO;0;1;0;36;
4/02/2025;HYUNDAI ACCENT;PARACHOQUE DELANTERO;1;177.97;177.97;2025;2;4;2;1;0.866025404;0.5;0.974927912;-0.222520934;ALTO;0;1;0;36;
5/02/2025;TOYOTA;VENTILADOR;2;84.75;169.5;2025;2;5;3;1;0.866025404;0.5;0.433883739;-0.900968868;MEDIO;0;1;0;4;
6/02/2025;NISSAN;VENTILADOR;1;152.54;152.54;2025;2;6;4;1;0.866025404;0.5;-0.433883739;-0.900968868;ALTO;0;0;0;11;
6/02/2025;KIA SOLUTO;CAPOT;1;542.37;542.37;2025;2;6;4;1;0.866025404;0.5;-0.433883739;-0.900968868;PREMIUM;0;0;0;10;
6/02/2025;KIA SOLUTO;FRONTAL;1;186.44;186.44;2025;2;6;4;1;0.866025404;0.5;-0.433883739;-0.900968868;ALTO;0;0;0;10;
6/02/2025;KIA SOLUTO;PARACHOQUE DELANTERO;1;177.97;177.97;2025;2;6;4;1;0.866025404;0.5;-0.433883739;-0.900968868;ALTO;0;0;0;10;
6/02/2025;KIA SOLUTO;FARO DELANTERO;2;203.39;406.78;2025;2;6;4;1;0.866025404;0.5;-0.433883739;-0.900968868;ALTO;0;0;0;10;
6/02/2025;KIA SOLUTO;MASCARA;1;135.59;135.59;2025;2;6;4;1;0.866025404;0.5;-0.433883739;-0.900968868;MEDIO;0;0;0;10;
6/02/2025;KIA SOLUTO;PORTA FILTRO;1;135.59;135.59;2025;2;6;4;1;0.866025404;0.5;-0.433883739;-0.900968868;MEDIO;0;0;0;10;
13/02/2025;HYUNDAI ACCENT;PARACHOQUE DELANTERO;1;127.12;127.12;2025;2;13;4;1;0.866025404;0.5;-0.433883739;-0.900968868;MEDIO;0;0;0;36;
13/02/2025;HYUNDAI ACCENT;FARO DELANTERO;2;118.64;237.28;2025;2;13;4;1;0.866025404;0.5;-0.433883739;-0.900968868;MEDIO;0;0;0;36;
13/02/2025;HYUNDAI ACCENT;FARO POSTERIOR;1;84.75;84.75;2025;2;13;4;1;0.866025404;0.5;-0.433883739;-0.900968868;MEDIO;0;0;0;36;
13/02/2025;HYUNDAI ACCENT;BRACKET;2;16.95;33.9;2025;2;13;4;1;0.866025404;0.5;-0.433883739;-0.900968868;ECONOMICO;0;0;0;36;
13/02/2025;HYUNDAI ACCENT;MANDIL DE LLANTA;2;29.66;59.32;2025;2;13;4;1;0.866025404;0.5;-0.433883739;-0.900968868;ECONOMICO;0;0;0;36;
13/02/2025;HYUNDAI ACCENT;TAPA DE REMOLQUE;1;16.95;16.95;2025;2;13;4;1;0.866025404;0.5;-0.433883739;-0.900968868;ECONOMICO;0;0;0;36;
14/02/2025;KAVTO;PLUMILLAS;1;21.19;21.19;2025;2;14;5;1;0.866025404;0.5;-0.974927912;-0.222520934;ECONOMICO;0;0;0;10;
15/02/2025;TOYOTA COROLLA;FARITO DE GUARDAFANGO;1;25.42;25.42;2025;2;15;6;1;0.866025404;0.5;-0.781831482;0.623489802;ECONOMICO;1;0;0;66;
15/02/2025;NISSAN SENTRA;CAPOT;1;245.76;245.76;2025;2;15;6;1;0.866025404;0.5;-0.781831482;0.623489802;ALTO;1;0;0;41;
15/02/2025;NISSAN SENTRA;GUARDAFANGO;2;93.22;186.44;2025;2;15;6;1;0.866025404;0.5;-0.781831482;0.623489802;MEDIO;1;0;0;41;
15/02/2025;NISSAN SENTRA;FARO DELANTERO;2;55.08;110.16;2025;2;15;6;1;0.866025404;0.5;-0.781831482;0.623489802;MEDIO;1;0;0;41;
15/02/2025;NISSAN SENTRA;DIRECCIONAL;2;16.95;33.9;2025;2;15;6;1;0.866025404;0.5;-0.781831482;0.623489802;ECONOMICO;1;0;0;41;
15/02/2025;NISSAN SENTRA;BIGOTE;2;16.95;33.9;2025;2;15;6;1;0.866025404;0.5;-0.781831482;0.623489802;ECONOMICO;1;0;0;41;
15/02/2025;NISSAN SENTRA;ESPEJOS;1;93.22;93.22;2025;2;15;6;1;0.866025404;0.5;-0.781831482;0.623489802;MEDIO;1;0;0;41;
15/02/2025;NISSAN SENTRA;PARACHOQUE POSTERIOR;1;76.27;76.27;2025;2;15;6;1;0.866025404;0.5;-0.781831482;0.623489802;MEDIO;1;0;0;41;
15/02/2025;NISSAN SENTRA;PARACHOQUE DELANTERO;1;72.03;72.03;2025;2;15;6;1;0.866025404;0.5;-0.781831482;0.623489802;MEDIO;1;0;0;41;
16/02/2025;HYUNDAI ACCENT;BRACKET DELANTERO;1;16.95;16.95;2025;2;16;0;1;0.866025404;0.5;0;1;ECONOMICO;1;0;0;36;
17/02/2025;HYUNDAI ACCENT;BRACKET DELANTERA;1;16.95;16.95;2025;2;17;1;1;0.866025404;0.5;0.781831482;0.623489802;ECONOMICO;0;0;0;36;
18/02/2025;HYUNDAI ACCENT;MANDIL LLANTA;2;25.42;50.84;2025;2;18;2;1;0.866025404;0.5;0.974927912;-0.222520934;ECONOMICO;0;0;0;36;
19/02/2025;NISSAN;VENTILADOR;1;156.78;156.78;2025;2;19;3;1;0.866025404;0.5;0.433883739;-0.900968868;ALTO;0;0;0;11;
20/02/2025;N300;PARACHOQUE DELANTERO;1;84.75;84.75;2025;2;20;4;1;0.866025404;0.5;-0.433883739;-0.900968868;MEDIO;0;0;0;16;
21/02/2025;N300;FARO POSTERIOR;1;42.37;42.37;2025;2;21;5;1;0.866025404;0.5;-0.974927912;-0.222520934;ECONOMICO;0;0;0;16;
22/02/2025;TOYOTA HILUX;FARO DELANTERO;2;194.92;389.84;2025;2;22;6;1;0.866025404;0.5;-0.781831482;0.623489802;ALTO;1;0;0;78;
22/02/2025;TOYOTA HILUX;FENDERS;1;194.92;194.92;2025;2;22;6;1;0.866025404;0.5;-0.781831482;0.623489802;ALTO;1;0;0;78;
22/02/2025;TOYOTA HILUX;PARACHOQUE DELANTERO;1;127.12;127.12;2025;2;22;6;1;0.866025404;0.5;-0.781831482;0.623489802;MEDIO;1;0;0;78;
22/02/2025;TOYOTA HILUX;MÁSCARA;1;118.64;118.64;2025;2;22;6;1;0.866025404;0.5;-0.781831482;0.623489802;MEDIO;1;0;0;78;
22/02/2025;TOYOTA HILUX;ESPEJOS;1;152.54;152.54;2025;2;22;6;1;0.866025404;0.5;-0.781831482;0.623489802;ALTO;1;0;0;78;
22/02/2025;TOYOTA HILUX;SAPITO;1;16.95;16.95;2025;2;22;6;1;0.866025404;0.5;-0.781831482;0.623489802;ECONOMICO;1;0;0;78;
22/02/2025;TOYOTA HILUX;LETRA 3.0;1;30.51;30.51;2025;2;22;6;1;0.866025404;0.5;-0.781831482;0.623489802;ECONOMICO;1;0;0;78;
22/02/2025;TOYOTA HILUX;FARO POSTERIOR;1;50.85;50.85;2025;2;22;6;1;0.866025404;0.5;-0.781831482;0.623489802;MEDIO;1;0;0;78;
22/02/2025;TOYOTA HILUX;MANDILES;2;29.66;59.32;2025;2;22;6;1;0.866025404;0.5;-0.781831482;0.623489802;ECONOMICO;1;0;0;78;
22/02/2025;TOYOTA HILUX;KIT DE NEBLINERO;1;118.64;118.64;2025;2;22;6;1;0.866025404;0.5;-0.781831482;0.623489802;MEDIO;1;0;0;78;
22/02/2025;TOYOTA HILUX;EMBLEMA TOYOTA;1;33.9;33.9;2025;2;22;6;1;0.866025404;0.5;-0.781831482;0.623489802;ECONOMICO;1;0;0;78;
22/02/2025;TOYOTA HILUX;LETRA TOYOTA;1;25.42;25.42;2025;2;22;6;1;0.866025404;0.5;-0.781831482;0.623489802;ECONOMICO;1;0;0;78;
22/02/2025;TOYOTA HILUX;LETRA HILUX;1;25.42;25.42;2025;2;22;6;1;0.866025404;0.5;-0.781831482;0.623489802;ECONOMICO;1;0;0;78;
22/02/2025;TOYOTA HILUX;LETRA SRV;1;16.95;16.95;2025;2;22;6;1;0.866025404;0.5;-0.781831482;0.623489802;ECONOMICO;1;0;0;78;
22/02/2025;TOYOTA HILUX;LETRASA DYD;1;20.51;20.51;2025;2;22;6;1;0.866025404;0.5;-0.781831482;0.623489802;ECONOMICO;1;0;0;78;
22/02/2025;KIA PICANTO;SOPORTE DE PARACHOQUE;1;118.64;118.64;2025;2;22;6;1;0.866025404;0.5;-0.781831482;0.623489802;MEDIO;1;0;0;8;
22/02/2025;JACK;FARO DELANTERO;2;237.29;474.58;2025;2;22;6;1;0.866025404;0.5;-0.781831482;0.623489802;ALTO;1;0;0;1;
22/02/2025;TOYOTA COROLLA;FARO DELANTERO;1;42.37;42.37;2025;2;22;6;1;0.866025404;0.5;-0.781831482;0.623489802;ECONOMICO;1;0;0;66;
22/02/2025;TOYOTA COROLLA;DIRECCIONAL;2;16.95;33.9;2025;2;22;6;1;0.866025404;0.5;-0.781831482;0.623489802;ECONOMICO;1;0;0;66;
22/02/2025;FC;FOCO;1;11.02;11.02;2025;2;22;6;1;0.866025404;0.5;-0.781831482;0.623489802;ECONOMICO;1;0;0;7;
22/02/2025;LG;LAGRIMA;1;6.78;6.78;2025;2;22;6;1;0.866025404;0.5;-0.781831482;0.623489802;ECONOMICO;1;0;0;1;
27/02/2025;HYUNDAI H1;FARO;1;101.69;101.69;2025;2;27;4;1;0.866025404;0.5;-0.433883739;-0.900968868;MEDIO;0;0;1;12;
28/02/2025;KIA RIO;PARACHOQUE DELANTERO;1;177.97;177.97;2025;2;28;5;1;0.866025404;0.5;-0.974927912;-0.222520934;ALTO;0;0;1;57;
1/03/2025;HYUNDAI ELANTRA;MANDILES;1;59.32;59.32;2025;3;1;6;1;1;6.12574E-17;-0.781831482;0.623489802;MEDIO;1;1;0;10;
1/03/2025;HYUNDAI ELANTRA;RESONADOR;1;118.64;118.64;2025;3;1;6;1;1;6.12574E-17;-0.781831482;0.623489802;MEDIO;1;1;0;10;
3/03/2025;KAVTO;CLAXON;1;33.9;33.9;2025;3;3;1;1;1;6.12574E-17;0.781831482;0.623489802;ECONOMICO;0;1;0;10;
4/03/2025;NISSAN;PARACHOQUE POSTERIOR;1;67.8;67.8;2025;3;4;2;1;1;6.12574E-17;0.974927912;-0.222520934;MEDIO;0;1;0;11;
5/03/2025;NISSAN;FAROS Y PARACHOQUES;1;244.07;244.07;2025;3;5;3;1;1;6.12574E-17;0.433883739;-0.900968868;ALTO;0;1;0;11;
6/03/2025;VOOLEX;PARACHOQUE DELANTERO;1;152.54;152.54;2025;3;6;4;1;1;6.12574E-17;-0.433883739;-0.900968868;ALTO;0;0;0;4;
6/03/2025;VOOLEX;FARO DELANTERO;1;152.54;152.54;2025;3;6;4;1;1;6.12574E-17;-0.433883739;-0.900968868;ALTO;0;0;0;4;
8/03/2025;FC;FOCO H1;2;8.47;16.94;2025;3;8;6;1;1;6.12574E-17;-0.781831482;0.623489802;ECONOMICO;1;0;0;7;
9/03/2025;FC;FOCO H7;2;12.71;25.42;2025;3;9;0;1;1;6.12574E-17;0;1;ECONOMICO;1;0;0;7;
10/03/2025;NISSAN;RADIADOR;1;211.86;211.86;2025;3;10;1;1;1;6.12574E-17;0.781831482;0.623489802;ALTO;0;0;0;11;
11/03/2025;TOYOTA HILUX;REPUESTOS;1;156.78;156.78;2025;3;11;2;1;1;6.12574E-17;0.974927912;-0.222520934;ALTO;0;0;0;78;
11/03/2025;NISSAN TERCEL;PARACHOQUE POSTERIOR;1;144.07;144.07;2025;3;11;2;1;1;6.12574E-17;0.974927912;-0.222520934;MEDIO;0;0;0;4;
11/03/2025;NISSAN TERCEL;MASCARA;1;59.32;59.32;2025;3;11;2;1;1;6.12574E-17;0.974927912;-0.222520934;MEDIO;0;0;0;4;
11/03/2025;NISSAN TERCEL;GUARDAFANGO;1;220.34;220.34;2025;3;11;2;1;1;6.12574E-17;0.974927912;-0.222520934;ALTO;0;0;0;4;
11/03/2025;NISSAN TERCEL;MANIJAS;1;101.69;101.69;2025;3;11;2;1;1;6.12574E-17;0.974927912;-0.222520934;MEDIO;0;0;0;4;
11/03/2025;FANFAINER;FARO DELANTERO;1;118.64;118.64;2025;3;11;2;1;1;6.12574E-17;0.974927912;-0.222520934;MEDIO;0;0;0;1;
11/03/2025;GLORY 500;TRAPECIO DERECHO;1;220.34;220.34;2025;3;11;2;1;1;6.12574E-17;0.974927912;-0.222520934;ALTO;0;0;0;1;
12/03/2025;N300;PARACHOQUE POSTERIOR;1;93.22;93.22;2025;3;12;3;1;1;6.12574E-17;0.433883739;-0.900968868;MEDIO;0;0;0;16;
12/03/2025;TOYOTA YARIS;MANDIL DE MOTOR;1;67.8;67.8;2025;3;12;3;1;1;6.12574E-17;0.433883739;-0.900968868;MEDIO;0;0;0;36;
13/03/2025;TOYOTA YARIS;MANDIL DE LLANTA;2;25.42;50.84;2025;3;13;4;1;1;6.12574E-17;-0.433883739;-0.900968868;ECONOMICO;0;0;0;36;
14/03/2025;TOYOTA YARIS;MANDIL POSTERIOR;2;21.19;42.38;2025;3;14;5;1;1;6.12574E-17;-0.974927912;-0.222520934;ECONOMICO;0;0;0;36;
15/03/2025;FD;FARO DELANTERO;2;131.36;262.72;2025;3;15;6;1;1;6.12574E-17;-0.781831482;0.623489802;MEDIO;1;0;0;9;
15/03/2025;KAVTO;SIRENA PATRULLERO;1;55.08;55.08;2025;3;15;6;1;1;6.12574E-17;-0.781831482;0.623489802;MEDIO;1;0;0;10;
15/03/2025;AD;BISEL DE FARO DELANTERO;2;10.59;21.18;2025;3;15;6;1;1;6.12574E-17;-0.781831482;0.623489802;ECONOMICO;1;0;0;1;
15/03/2025;TOYOTA;MANDIL DE LLANTA;1;21.19;21.19;2025;3;15;6;1;1;6.12574E-17;-0.781831482;0.623489802;ECONOMICO;1;0;0;4;
15/03/2025;HYUNDAI ELANTRA;PARACHOQUE DELANTERO;1;127.12;127.12;2025;3;15;6;1;1;6.12574E-17;-0.781831482;0.623489802;MEDIO;1;0;0;10;
16/03/2025;PREMIUN;FARO DELANTERO;1;80.51;80.51;2025;3;16;0;1;1;6.12574E-17;0;1;MEDIO;1;0;0;2;
17/03/2025;PREMIUN;DIRECCIONAL;1;33.9;33.9;2025;3;17;1;1;1;6.12574E-17;0.781831482;0.623489802;ECONOMICO;0;0;0;2;
17/03/2025;TOYOTA HILUX;CAPOT;1;322.03;322.03;2025;3;17;1;1;1;6.12574E-17;0.781831482;0.623489802;ALTO;0;0;0;78;
17/03/2025;TOYOTA HILUX;PARACHOQUE DELANTERO;1;127.12;127.12;2025;3;17;1;1;1;6.12574E-17;0.781831482;0.623489802;MEDIO;0;0;0;78;
17/03/2025;TOYOTA HILUX;FARO DELANTERO;2;203.39;406.78;2025;3;17;1;1;1;6.12574E-17;0.781831482;0.623489802;ALTO;0;0;0;78;
17/03/2025;TOYOTA HILUX;MASCARA;1;127.12;127.12;2025;3;17;1;1;1;6.12574E-17;0.781831482;0.623489802;MEDIO;0;0;0;78;
17/03/2025;TOYOTA HILUX;GUARDAFANGOS;2;118.64;237.28;2025;3;17;1;1;1;6.12574E-17;0.781831482;0.623489802;MEDIO;0;0;0;78;
17/03/2025;TOYOTA HILUX;FARO POSTERIORE;2;118.64;237.28;2025;3;17;1;1;1;6.12574E-17;0.781831482;0.623489802;MEDIO;0;0;0;78;
17/03/2025;TOYOTA HILUX;BRACKETS;2;21.19;42.38;2025;3;17;1;1;1;6.12574E-17;0.781831482;0.623489802;ECONOMICO;0;0;0;78;
17/03/2025;TOYOTA HILUX;FENDER;2;42.37;84.74;2025;3;17;1;1;1;6.12574E-17;0.781831482;0.623489802;ECONOMICO;0;0;0;78;
17/03/2025;TOYOTA HILUX;TURBO;1;84.75;84.75;2025;3;17;1;1;1;6.12574E-17;0.781831482;0.623489802;MEDIO;0;0;0;78;
18/03/2025;MITSHUBISI;PARACHOQUE DELANTERO;1;550.85;550.85;2025;3;18;2;1;1;6.12574E-17;0.974927912;-0.222520934;PREMIUM;0;0;0;1;
20/03/2025;NISSAN B16;PARACHOQUE DELANTERO;1;169.49;169.49;2025;3;20;4;1;1;6.12574E-17;-0.433883739;-0.900968868;ALTO;0;0;0;8;
20/03/2025;NISSAN B16;PARACHOQUE POSTERIOR;1;135.59;135.59;2025;3;20;4;1;1;6.12574E-17;-0.433883739;-0.900968868;MEDIO;0;0;0;8;
20/03/2025;NISSAN B16;VISEL CROMADOS;1;33.9;33.9;2025;3;20;4;1;1;6.12574E-17;-0.433883739;-0.900968868;ECONOMICO;0;0;0;8;
20/03/2025;NISSAN B16;FARO DELANTERO;1;59.32;59.32;2025;3;20;4;1;1;6.12574E-17;-0.433883739;-0.900968868;MEDIO;0;0;0;8;
20/03/2025;NISSAN B16;FARO POSTERIOR;1;76.27;76.27;2025;3;20;4;1;1;6.12574E-17;-0.433883739;-0.900968868;MEDIO;0;0;0;8;
20/03/2025;NISSAN B16;VISELES DE FARO COMPLETO;1;152.54;152.54;2025;3;20;4;1;1;6.12574E-17;-0.433883739;-0.900968868;ALTO;0;0;0;8;
25/03/2025;TOYOTA HILLUX;FARO POSTERIOR;2;76.27;152.54;2025;3;25;2;1;1;6.12574E-17;0.974927912;-0.222520934;MEDIO;0;0;1;1;
26/03/2025;BYD F3;FARO DELANTERO;2;101.69;203.38;2025;3;26;3;1;1;6.12574E-17;0.433883739;-0.900968868;MEDIO;0;0;1;1;
29/03/2025;TOYOTA COROLLA;FOCO DE FARO DELANTERO;12;50.85;610.2;2025;3;29;6;1;1;6.12574E-17;-0.781831482;0.623489802;MEDIO;1;0;1;66;
29/03/2025;TOYOTA COROLLA;FARO DELANTERO;4;40.68;162.72;2025;3;29;6;1;1;6.12574E-17;-0.781831482;0.623489802;ECONOMICO;1;0;1;66;
29/03/2025;TOYOTA COROLLA;DIRECCIONAL TURING;12;14.83;177.96;2025;3;29;6;1;1;6.12574E-17;-0.781831482;0.623489802;ECONOMICO;1;0;1;66;
29/03/2025;TOYOTA COROLLA;FARO POSTERIOR;12;27.97;335.64;2025;3;29;6;1;1;6.12574E-17;-0.781831482;0.623489802;ECONOMICO;1;0;1;66;
29/03/2025;TOYOTA COROLLA;PARACHOQUE DELANTERO;4;57.63;230.52;2025;3;29;6;1;1;6.12574E-17;-0.781831482;0.623489802;MEDIO;1;0;1;66;
1/04/2025;NISSAN B12;FARO POSTERIOR;2;93.22;186.44;2025;4;1;2;2;0.866025404;-0.5;0.974927912;-0.222520934;MEDIO;0;1;0;4;
2/04/2025;NISSAN B12;PARACHOQUE DELANTERO;1;93.22;93.22;2025;4;2;3;2;0.866025404;-0.5;0.433883739;-0.900968868;MEDIO;0;1;0;4;
3/04/2025;N400;FARO POSTERIOR;1;80.51;80.51;2025;4;3;4;2;0.866025404;-0.5;-0.433883739;-0.900968868;MEDIO;0;1;0;2;
4/04/2025;FL;FARITO LATERAL;4;12.71;50.84;2025;4;4;5;2;0.866025404;-0.5;-0.974927912;-0.222520934;ECONOMICO;0;1;0;3;
5/04/2025;TP;FARO PIRATA;2;33.9;67.8;2025;4;5;6;2;0.866025404;-0.5;-0.781831482;0.623489802;ECONOMICO;1;1;0;1;
6/04/2025;PG;PLUMILLA DE GOMA;1;16.95;16.95;2025;4;6;0;2;0.866025404;-0.5;0;1;ECONOMICO;1;0;0;1;
7/04/2025;VOOLEX;PARACHOQUE DELANTERO;1;135.59;135.59;2025;4;7;1;2;0.866025404;-0.5;0.781831482;0.623489802;MEDIO;0;0;0;4;
7/04/2025;VOOLEX;PARACHOQUE POSTERIOR;1;161.02;161.02;2025;4;7;1;2;0.866025404;-0.5;0.781831482;0.623489802;ALTO;0;0;0;4;
10/04/2025;NISSAN SENTRA;CAPOT;1;254.24;254.24;2025;4;10;4;2;0.866025404;-0.5;-0.433883739;-0.900968868;ALTO;0;0;0;41;
10/04/2025;NISSAN SENTRA;PARACHOQUE DELANTERO;1;67.8;67.8;2025;4;10;4;2;0.866025404;-0.5;-0.433883739;-0.900968868;MEDIO;0;0;0;41;
10/04/2025;NISSAN SENTRA;PARACHOQUE POSTERIOR;1;67.8;67.8;2025;4;10;4;2;0.866025404;-0.5;-0.433883739;-0.900968868;MEDIO;0;0;0;41;
10/04/2025;NISSAN SENTRA;FARO DELANTERO;2;101.69;203.38;2025;4;10;4;2;0.866025404;-0.5;-0.433883739;-0.900968868;MEDIO;0;0;0;41;
10/04/2025;NISSAN SENTRA;DIRECCIONALES;2;29.66;59.32;2025;4;10;4;2;0.866025404;-0.5;-0.433883739;-0.900968868;ECONOMICO;0;0;0;41;
10/04/2025;NISSAN SENTRA;FARO POSTERIOR;2;76.27;152.54;2025;4;10;4;2;0.866025404;-0.5;-0.433883739;-0.900968868;MEDIO;0;0;0;41;
15/04/2025;TOYOTA COROLLA;MANDILES DE MOTOR;10;50.85;508.5;2025;4;15;2;2;0.866025404;-0.5;0.974927912;-0.222520934;MEDIO;0;0;0;66;
16/04/2025;HYUNDAI ELANTRA;PARACHOQUE DELANTERO;3;550.85;1652.55;2025;4;16;3;2;0.866025404;-0.5;0.433883739;-0.900968868;PREMIUM;0;0;0;10;
17/04/2025;N300;FARO POSTERIOR;1;42.37;42.37;2025;4;17;4;2;0.866025404;-0.5;-0.433883739;-0.900968868;ECONOMICO;0;0;0;16;
18/04/2025;TOYOTA PROBOX;PARACHOQUE DELANTERO;1;135.59;135.59;2025;4;18;5;2;0.866025404;-0.5;-0.974927912;-0.222520934;MEDIO;0;0;0;22;
18/04/2025;TOYOTA PROBOX;REJILLA;1;59.32;59.32;2025;4;18;5;2;0.866025404;-0.5;-0.974927912;-0.222520934;MEDIO;0;0;0;22;
18/04/2025;TOYOTA PROBOX;FAROS;1;101.69;101.69;2025;4;18;5;2;0.866025404;-0.5;-0.974927912;-0.222520934;MEDIO;0;0;0;22;
21/04/2025;MITSHUBISI L200;FAROS DELANTEROS;1;296.61;296.61;2025;4;21;1;2;0.866025404;-0.5;0.781831482;0.623489802;ALTO;0;0;0;11;
22/04/2025;MITSHUBISI L201;FAROS POSTERIORES;1;152.54;152.54;2025;4;22;2;2;0.866025404;-0.5;0.974927912;-0.222520934;ALTO;0;0;0;2;
23/04/2025;HYUNDAI H1;FRONTAL;1;364.41;364.41;2025;4;23;3;2;0.866025404;-0.5;0.433883739;-0.900968868;ALTO;0;0;0;12;
24/04/2025;TOYOTA COROLLA;GUIAS;2;16.95;33.9;2025;4;24;4;2;0.866025404;-0.5;-0.433883739;-0.900968868;ECONOMICO;0;0;0;66;
24/04/2025;GR;GRAMPAS;1;4.24;4.24;2025;4;24;4;2;0.866025404;-0.5;-0.433883739;-0.900968868;ECONOMICO;0;0;0;2;
24/04/2025;TOYOTA COROLLA;FAROS DELANTEROS;1;152.54;152.54;2025;4;24;4;2;0.866025404;-0.5;-0.433883739;-0.900968868;ALTO;0;0;0;66;
24/04/2025;KAVTO;CLAXON;1;12.71;12.71;2025;4;24;4;2;0.866025404;-0.5;-0.433883739;-0.900968868;ECONOMICO;0;0;0;10;
28/04/2025;CB;CABLE AUTOMOTRIZ;6;1.27;7.62;2025;4;28;1;2;0.866025404;-0.5;0.781831482;0.623489802;ECONOMICO;0;0;1;8;
29/04/2025;FD;FAROS DELANTEROS Y POSTERIORES;1;1525.42;1525.42;2025;4;29;2;2;0.866025404;-0.5;0.974927912;-0.222520934;PREMIUM;0;0;1;9;
30/04/2025;RD;RADIADOR;1;139.83;139.83;2025;4;30;3;2;0.866025404;-0.5;0.433883739;-0.900968868;MEDIO;0;0;1;4;
1/05/2025;FC;FOCOS;1;10.17;10.17;2025;5;1;4;2;0.5;-0.866025404;-0.433883739;-0.900968868;ECONOMICO;0;1;0;7;
4/05/2025;N300;FARO;1;101.69;101.69;2025;5;4;0;2;0.5;-0.866025404;0;1;MEDIO;1;1;0;16;
4/05/2025;N300;GUARDAFANGO;1;67.8;67.8;2025;5;4;0;2;0.5;-0.866025404;0;1;MEDIO;1;1;0;16;
4/05/2025;N300;FARITO LATERAL;1;16.95;16.95;2025;5;4;0;2;0.5;-0.866025404;0;1;ECONOMICO;1;1;0;16;
5/05/2025;FC;FOCO;1;8.47;8.47;2025;5;5;1;2;0.5;-0.866025404;0.781831482;0.623489802;ECONOMICO;0;1;0;7;
6/05/2025;KIA RIO;PARACHOQUE;1;194.92;194.92;2025;5;6;2;2;0.5;-0.866025404;0.974927912;-0.222520934;ALTO;0;0;0;57;
7/05/2025;CT;CINTURÓN DE ASIENTO DE DOS PUNTAS;8;12.71;101.68;2025;5;7;3;2;0.5;-0.866025404;0.433883739;-0.900968868;ECONOMICO;0;0;0;1;
9/05/2025;KIA SOLUTO;MANDIL DE LLANTA;8;42.37;338.96;2025;5;9;5;2;0.5;-0.866025404;-0.974927912;-0.222520934;ECONOMICO;0;0;0;10;
9/05/2025;KIA SOLUTO;MANDIL DE MOTOR;4;84.75;339;2025;5;9;5;2;0.5;-0.866025404;-0.974927912;-0.222520934;MEDIO;0;0;0;10;
10/05/2025;PC;PARACHOQUE DELANTERO;1;296.61;296.61;2025;5;10;6;2;0.5;-0.866025404;-0.781831482;0.623489802;ALTO;1;0;0;1;
11/05/2025;GR;REJILLA;1;84.75;84.75;2025;5;11;0;2;0.5;-0.866025404;0;1;MEDIO;1;0;0;2;
12/05/2025;MD;MÁSCARA;1;118.64;118.64;2025;5;12;1;2;0.5;-0.866025404;0.781831482;0.623489802;MEDIO;0;0;0;1;
13/05/2025;VC;BISEL CROMADO;1;101.69;101.69;2025;5;13;2;2;0.5;-0.866025404;0.974927912;-0.222520934;MEDIO;0;0;0;1;
15/05/2025;TOYOTA TERCEL;FARO DELANTERO;1;258.47;258.47;2025;5;15;4;2;0.5;-0.866025404;-0.433883739;-0.900968868;ALTO;0;0;0;5;
15/05/2025;TOYOTA TERCEL;FARO POSTERIOR;1;262.71;262.71;2025;5;15;4;2;0.5;-0.866025404;-0.433883739;-0.900968868;ALTO;0;0;0;5;
;;;;;;;;;;;;;;;;;;;;
;;;;;;;;;;;;;;;;;;;;
;;;;;;;;;;;;;;;;;;;;
;;;;;;;;;;;;;;;;;;;;
;;;;;;;;;;;;;;;;;;;;
;;;;;;;;;;;;;;;;;;;;
;;;;;;;;;;;;;;;;;;;;
;;;;;;;;;;;;;;;;;;;;
;;;;;;;;;;;;;;;;;;;;
;;;;;;;;;;;;;;;;;;;;
;;;;;;;;;;;;;;;;;;;;
;;;;;;;;;;;;;;;;;;;;
;;;;;;;;;;;;;;;;;;;;
;;;;;;;;;;;;;;;;;;;;
;;;;;;;;;;;;;;;;;;;;
;;;;;;;;;;;;;;;;;;;;
;;;;;;;;;;;;;;;;;;;;
;;;;;;;;;;;;;;;;;;;;
;;;;;;;;;;;;;;;;;;;;
;;;;;;;;;;;;;;;;;;;;
;;;;;;;;;;;;;;;;;;;;
;;;;;;;;;;;;;;;;;;;;
;;;;;;;;;;;;;;;;;;;;
;;;;;;;;;;;;;;;;;;;;
;;;;;;;;;;;;;;;;;;;;
;;;;;;;;;;;;;;;;;;;;
;;;;;;;;;;;;;;;;;;;;
;;;;;;;;;;;;;;;;;;;;
;;;;;;;;;;;;;;;;;;;;
;;;;;;;;;;;;;;;;;;;;
;;;;;;;;;;;;;;;;;;;;
;;;;;;;;;;;;;;;;;;;;
;;;;;;;;;;;;;;;;;;;;
;;;;;;;;;;;;;;;;;;;;
;;;;;;;;;;;;;;;;;;;;
;;;;;;;;;;;;;;;;;;;;
;;;;;;;;;;;;;;;;;;;;
;;;;;;;;;;;;;;;;;;;;
;;;;;;;;;;;;;;;;;;;;
;;;;;;;;;;;;;;;;;;;;
;;;;;;;;;;;;;;;;;;;;
;;;;;;;;;;;;;;;;;;;;
;;;;;;;;;;;;;;;;;;;;
;;;;;;;;;;;;;;;;;;;;
;;;;;;;;;;;;;;;;;;;;
;;;;;;;;;;;;;;;;;;;;
;;;;;;;;;;;;;;;;;;;;
;;;;;;;;;;;;;;;;;;;;
;;;;;;;;;;;;;;;;;;;;
;;;;;;;;;;;;;;;;;;;;
;;;;;;;;;;;;;;;;;;;;
;;;;;;;;;;;;;;;;;;;;
;;;;;;;;;;;;;;;;;;;;
;;;;;;;;;;;;;;;;;;;;
;;;;;;;;;;;;;;;;;;;;
;;;;;;;;;;;;;;;;;;;;
;;;;;;;;;;;;;;;;;;;;
;;;;;;;;;;;;;;;;;;;;
;;;;;;;;;;;;;;;;;;;;
;;;;;;;;;;;;;;;;;;;;
;;;;;;;;;;;;;;;;;;;;
;;;;;;;;;;;;;;;;;;;;
;;;;;;;;;;;;;;;;;;;;
;;;;;;;;;;;;;;;;;;;;
;;;;;;;;;;;;;;;;;;;;
;;;;;;;;;;;;;;;;;;;;
;;;;;;;;;;;;;;;;;;;;
;;;;;;;;;;;;;;;;;;;;
;;;;;;;;;;;;;;;;;;;;
;;;;;;;;;;;;;;;;;;;;
;;;;;;;;;;;;;;;;;;;;
;;;;;;;;;;;;;;;;;;;;
;;;;;;;;;;;;;;;;;;;;
;;;;;;;;;;;;;;;;;;;;
;;;;;;;;;;;;;;;;;;;;
;;;;;;;;;;;;;;;;;;;;
;;;;;;;;;;;;;;;;;;;;
;;;;;;;;;;;;;;;;;;;;
;;;;;;;;;;;;;;;;;;;;
;;;;;;;;;;;;;;;;;;;;
;;;;;;;;;;;;;;;;;;;;
;;;;;;;;;;;;;;;;;;;;
;;;;;;;;;;;;;;;;;;;;
;;;;;;;;;;;;;;;;;;;;
;;;;;;;;;;;;;;;;;;;;
;;;;;;;;;;;;;;;;;;;;
;;;;;;;;;;;;;;;;;;;;
;;;;;;;;;;;;;;;;;;;;
;;;;;;;;;;;;;;;;;;;;
